[
  {
    "id": "24428",
    "title": "The Avengers",
    "posterUrl": "https://image.tmdb.org/t/p/w500/RYMX2wcKCBAr24UyPD7xwmjaTn.jpg",
    "overview": "When an unexpected enemy emerges and threatens global safety and security, Nick Fury, director of the international peacekeeping agency known as S.H.I.E.L.D., finds himself in need of a team to pull the world back from the brink of disaster. Spanning the globe, a daring recruitment effort begins!",
    "genres": [
      "Science Fiction",
      "Action",
      "Adventure"
    ],
    "tags": [
      "marvel cinematic universe (mcu)",
      "superhero",
      "duringcreditsstinger",
      "superhero team",
      "aftercreditsstinger",
      "based on comic",
      "new york city",
      "alien invasion",
      "shield",
      "Family-Friendly"
    ],
    "cast": [
      "Robert Downey Jr.",
      "Chris Evans",
      "Mark Ruffalo",
      "Chris Hemsworth",
      "Scarlett Johansson",
      "Jeremy Renner",
      "Tom Hiddleston",
      "Clark Gregg"
    ],
    "subGenres": [
      "Family-Friendly"
    ],
    "runtime": 143,
    "rating": 7.751,
    "voteCount": 31856,
    "releaseDate": "2012-04-25",
    "originalLanguage": "en",
    "language": "English",
    "directors": [
      "Joss Whedon"
    ],
    "writers": [
      "Joss Whedon"
    ],
    "similarIds": [
      "15969",
      "16000",
      "619865",
      "269246",
      "435902"
    ]
  },
  {
    "id": "299536",
    "title": "Avengers: Infinity War",
    "posterUrl": "https://image.tmdb.org/t/p/w500/7WsyChQLEftFiDOVTGkv3hFpyyt.jpg",
    "overview": "As the Avengers and their allies have continued to protect the world from threats too large for any one hero to handle, a new danger has emerged from the cosmic shadows: Thanos. A despot of intergalactic infamy, his goal is to collect all six Infinity Stones, artifacts of unimaginable power, and use them to inflict his twisted will on all of reality. Everything the Avengers have fought for has led up to this moment - the fate of Earth and existence itself has never been more uncertain.",
    "genres": [
      "Adventure",
      "Action",
      "Science Fiction"
    ],
    "tags": [
      "battlefield",
      "Action-Packed",
      "superhero",
      "space",
      "marvel cinematic universe (mcu)",
      "magic",
      "Mind-Bending",
      "magical object",
      "superhero team",
      "aftercreditsstinger",
      "sacrifice",
      "based on comic",
      "genocide",
      "super power",
      "cosmic",
      "Sci-Fi/Techy",
      "Epic"
    ],
    "cast": [
      "Robert Downey Jr.",
      "Chris Evans",
      "Chris Hemsworth",
      "Josh Brolin",
      "Mark Ruffalo",
      "Scarlett Johansson",
      "Don Cheadle",
      "Benedict Cumberbatch"
    ],
    "subGenres": [
      "Mind-Bending",
      "Action-Packed",
      "Sci-Fi/Techy",
      "Epic"
    ],
    "runtime": 149,
    "rating": 8.236,
    "voteCount": 30541,
    "releaseDate": "2018-04-25",
    "originalLanguage": "en",
    "language": "English",
    "directors": [
      "Joe Russo",
      "Anthony Russo"
    ],
    "writers": [
      "Stephen McFeely",
      "Christopher Markus"
    ],
    "similarIds": [
      "15969",
      "15983",
      "16000",
      "445651",
      "619865"
    ]
  },
  {
    "id": "56292",
    "title": "Mission: Impossible - Ghost Protocol",
    "posterUrl": "https://image.tmdb.org/t/p/w500/eRZTGx7GsiKqPch96k27LK005ZL.jpg",
    "overview": "Ethan Hunt and his team are racing against time to track down a dangerous terrorist named Hendricks, who has gained access to Russian nuclear launch codes and is planning a strike on the United States. An attempt to stop him ends in an explosion causing severe destruction to the Kremlin and the IMF to be implicated in the bombing, forcing the President to disavow them. No longer being aided by the government, Ethan and his team chase Hendricks around the globe, although they might still be too late to stop a disaster.",
    "genres": [
      "Action",
      "Thriller",
      "Adventure"
    ],
    "tags": [
      "skyscraper",
      "scaling a building",
      "billionaire",
      "jet",
      "kremlin",
      "moscow, russia",
      "seattle, washington",
      "bombing",
      "budapest, hungary",
      "sandstorm",
      "secret intelligence service",
      "Sci-Fi/Techy",
      "based on tv series",
      "prison escape",
      "nuclear threat",
      "clandestine",
      "nuclear submarine",
      "analyst",
      "dubai",
      "bold",
      "terrorism",
      "field agent",
      "disavowed",
      "car crash",
      "nuclear launch codes",
      "sequel",
      "Action-Packed",
      "disguise",
      "undercover operation",
      "satellite",
      "burj khalifa",
      "assassin",
      "mumbai (bombay), india",
      "Scary",
      "amused"
    ],
    "cast": [
      "Tom Cruise",
      "Paula Patton",
      "Simon Pegg",
      "Jeremy Renner",
      "Michael Nyqvist",
      "Vladimir Mashkov",
      "Samuli Edelmann",
      "Ivan Shvedoff"
    ],
    "subGenres": [
      "Scary",
      "Action-Packed",
      "Sci-Fi/Techy"
    ],
    "runtime": 133,
    "rating": 7.1,
    "voteCount": 10137,
    "releaseDate": "2011-12-07",
    "originalLanguage": "en",
    "language": "English",
    "directors": [
      "Brad Bird"
    ],
    "writers": [
      "Josh Appelbaum",
      "Andr\u00e9 Nemec",
      "Bruce Geller"
    ],
    "similarIds": [
      "373067",
      "373650",
      "378080",
      "378102",
      "378106"
    ]
  },
  {
    "id": "603",
    "title": "The Matrix",
    "posterUrl": "https://image.tmdb.org/t/p/w500/dXNAPwY7VrqMAo51EKhhCJfaGb5.jpg",
    "overview": "Set in the 22nd century, The Matrix tells the story of a computer hacker who joins a group of underground insurgents fighting the vast and powerful computers who now rule the earth.",
    "genres": [
      "Action",
      "Science Fiction"
    ],
    "tags": [
      "artificial intelligence (a.i.)",
      "dream world",
      "hacker",
      "action hero",
      "dreams",
      "fight",
      "allegory of the cave",
      "prophecy",
      "philosophy",
      "cyberpunk",
      "man vs machine",
      "saving the world",
      "virtual reality",
      "martial arts",
      "messiah",
      "Action-Packed",
      "truth",
      "self sacrifice",
      "gnosticism",
      "hopeful",
      "dystopia",
      "insurgence",
      "simulated reality "
    ],
    "cast": [
      "Keanu Reeves",
      "Laurence Fishburne",
      "Carrie-Anne Moss",
      "Hugo Weaving",
      "Gloria Foster",
      "Joe Pantoliano",
      "Marcus Chong",
      "Julian Arahanga"
    ],
    "subGenres": [
      "Action-Packed"
    ],
    "runtime": 136,
    "rating": 8.226,
    "voteCount": 26392,
    "releaseDate": "1999-03-31",
    "originalLanguage": "en",
    "language": "English",
    "directors": [
      "Lana Wachowski",
      "Lilly Wachowski"
    ],
    "writers": [
      "Lana Wachowski",
      "Lilly Wachowski"
    ],
    "similarIds": [
      "74",
      "75",
      "78",
      "79",
      "82"
    ]
  },
  {
    "id": "155",
    "title": "The Dark Knight",
    "posterUrl": "https://image.tmdb.org/t/p/w500/qJ2tW6WMUDux911r6m7haRef0WH.jpg",
    "overview": "Batman raises the stakes in his war on crime. With the help of Lt. Jim Gordon and District Attorney Harvey Dent, Batman sets out to dismantle the remaining criminal organizations that plague the streets. The partnership proves to be effective, but they soon find themselves prey to a reign of chaos unleashed by a rising criminal mastermind known to the terrified citizens of Gotham as the Joker.",
    "genres": [
      "Drama",
      "Action",
      "Crime",
      "Thriller"
    ],
    "tags": [
      "district attorney",
      "criminal mastermind",
      "super villain",
      "superhero",
      "crime fighter",
      "anti villain",
      "scarecrow",
      "secret identity",
      "anti hero",
      "Sci-Fi/Techy",
      "vigilante",
      "based on comic",
      "super power",
      "bold",
      "sadism",
      "chaos",
      "Action-Packed",
      "tragic hero",
      "neo-noir",
      "organized crime"
    ],
    "cast": [
      "Christian Bale",
      "Heath Ledger",
      "Aaron Eckhart",
      "Michael Caine",
      "Maggie Gyllenhaal",
      "Gary Oldman",
      "Morgan Freeman",
      "Monique Gabriela Curnen"
    ],
    "subGenres": [
      "Action-Packed",
      "Sci-Fi/Techy"
    ],
    "runtime": 152,
    "rating": 8.519,
    "voteCount": 33866,
    "releaseDate": "2008-07-16",
    "originalLanguage": "en",
    "language": "English",
    "directors": [
      "Christopher Nolan"
    ],
    "writers": [
      "Jonathan Nolan",
      "Christopher Nolan"
    ],
    "similarIds": [
      "15983",
      "16000",
      "445651",
      "619865",
      "16129"
    ]
  },
  {
    "id": "11",
    "title": "Star Wars",
    "posterUrl": "https://image.tmdb.org/t/p/w500/6FfCtAuVAW8XJjZ7eWeLibRLWTw.jpg",
    "overview": "Princess Leia is captured and held hostage by the evil Imperial forces in their effort to take over the galactic Empire. Venturesome Luke Skywalker and dashing captain Han Solo team together with the loveable robot duo R2-D2 and C-3PO to rescue the beautiful princess and restore peace and justice in the Empire.",
    "genres": [
      "Adventure",
      "Action",
      "Science Fiction"
    ],
    "tags": [
      "freedom",
      "oppression",
      "awestruck",
      "galaxy",
      "smuggling (contraband)",
      "space opera",
      "totalitarianism",
      "wizard",
      "Sci-Fi/Techy",
      "space",
      "planet",
      "hermit",
      "excited",
      "super power",
      "Action-Packed",
      "Romantic",
      "android",
      "empire",
      "rescue mission",
      "rebel",
      "Scary",
      "rebellion",
      "desert"
    ],
    "cast": [
      "Mark Hamill",
      "Harrison Ford",
      "Carrie Fisher",
      "Peter Cushing",
      "Alec Guinness",
      "Anthony Daniels",
      "Kenny Baker",
      "Peter Mayhew"
    ],
    "subGenres": [
      "Scary",
      "Action-Packed",
      "Romantic",
      "Sci-Fi/Techy"
    ],
    "runtime": 121,
    "rating": 8.205,
    "voteCount": 21164,
    "releaseDate": "1977-05-25",
    "originalLanguage": "en",
    "language": "English",
    "directors": [
      "George Lucas"
    ],
    "writers": [
      "George Lucas"
    ],
    "similarIds": [
      "78",
      "121",
      "122",
      "18",
      "62"
    ]
  },
  {
    "id": "120",
    "title": "The Lord of the Rings: The Fellowship of the Ring",
    "posterUrl": "https://image.tmdb.org/t/p/w500/6oom5QYQ2yQTMJIbnvbkBL9cHo6.jpg",
    "overview": "Young hobbit Frodo Baggins, after inheriting a mysterious ring from his uncle Bilbo, must leave his home in order to keep it from falling into the hands of its evil creator. Along the way, a fellowship is formed to protect the ringbearer and make sure that the ring arrives at its final destination: Mt. Doom, the only place where it can be destroyed.",
    "genres": [
      "Adventure",
      "Fantasy",
      "Action"
    ],
    "tags": [
      "fireworks",
      "obsession",
      "magic",
      "trekking",
      "orcs",
      "wraith",
      "battle",
      "sword and sorcery",
      "good versus evil",
      "journey",
      "inspirational",
      "admiring",
      "dwarf",
      "invisibility",
      "fantasy world",
      "demon",
      "birthday party",
      "blizzard",
      "mine",
      "uncle nephew relationship",
      "creatures",
      "hobbits",
      "mountain",
      "epic quest",
      "live action and animation",
      "castle",
      "based on novel or book",
      "ring",
      "bravery",
      "maze",
      "trolls",
      "elves",
      "hero's journey",
      "Scary"
    ],
    "cast": [
      "Elijah Wood",
      "Ian McKellen",
      "Viggo Mortensen",
      "Sean Astin",
      "Ian Holm",
      "Liv Tyler",
      "Christopher Lee",
      "Sean Bean"
    ],
    "subGenres": [
      "Scary"
    ],
    "runtime": 179,
    "rating": 8.421,
    "voteCount": 25981,
    "releaseDate": "2001-12-18",
    "originalLanguage": "en",
    "language": "English",
    "directors": [
      "Peter Jackson"
    ],
    "writers": [
      "Fran Walsh",
      "Philippa Boyens",
      "Peter Jackson"
    ],
    "similarIds": [
      "15969",
      "15983",
      "16074",
      "445651",
      "16110"
    ]
  },
  {
    "id": "19995",
    "title": "Avatar",
    "posterUrl": "https://image.tmdb.org/t/p/w500/kyeqWdyUXW608qlYkRqosgbbJyK.jpg",
    "overview": "In the 22nd century, a paraplegic Marine is dispatched to the moon Pandora on a unique mission, but becomes torn between following orders and protecting an alien civilization.",
    "genres": [
      "Action",
      "Adventure",
      "Fantasy",
      "Science Fiction"
    ],
    "tags": [
      "deity",
      "power relations",
      "racial discrimination",
      "marine",
      "soldiers",
      "indigenous",
      "battle",
      "compassionate",
      "nature",
      "distant future",
      "22nd century",
      "tribal customs",
      "space travel",
      "save the planet",
      "loving",
      "Sci-Fi/Techy",
      "tribe",
      "alien planet",
      "culture clash",
      "scientist",
      "paraplegic",
      "tribal chief",
      "tribal people",
      "curious",
      "love affair",
      "attachment to nature",
      "space colony",
      "native peoples",
      "spiritual community",
      "cryonics"
    ],
    "cast": [
      "Sam Worthington",
      "Zoe Salda\u00f1a",
      "Sigourney Weaver",
      "Stephen Lang",
      "Michelle Rodriguez",
      "Giovanni Ribisi",
      "Joel David Moore",
      "CCH Pounder"
    ],
    "subGenres": [
      "Sci-Fi/Techy"
    ],
    "runtime": 162,
    "rating": 7.59,
    "voteCount": 32249,
    "releaseDate": "2009-12-15",
    "originalLanguage": "en",
    "language": "English",
    "directors": [
      "James Cameron"
    ],
    "writers": [
      "James Cameron"
    ],
    "similarIds": [
      "679",
      "686",
      "698",
      "157",
      "162"
    ]
  },
  {
    "id": "634649",
    "title": "Spider-Man: No Way Home",
    "posterUrl": "https://image.tmdb.org/t/p/w500/1g0dhYtq4irTY1GPXvft6k4YLjm.jpg",
    "overview": "Peter Parker is unmasked and no longer able to separate his normal life from the high-stakes of being a super-hero. When he asks for help from Doctor Strange the stakes become even more dangerous, forcing him to discover what it truly means to be Spider-Man.",
    "genres": [
      "Action",
      "Adventure",
      "Science Fiction"
    ],
    "tags": [
      "portal",
      "marvel cinematic universe (mcu)",
      "returning hero",
      "magic",
      "fight for justice",
      "hero",
      "crossover",
      "superhero",
      "loss of loved one",
      "masked vigilante",
      "admiring",
      "aftercreditsstinger",
      "showdown",
      "secret identity",
      "alternative reality",
      "vigilante",
      "Epic",
      "teen superhero",
      "spider web",
      "new york city",
      "sequel",
      "teamwork",
      "villain",
      "superhero teamup",
      "duringcreditsstinger",
      "superhero team"
    ],
    "cast": [
      "Tom Holland",
      "Zendaya",
      "Benedict Cumberbatch",
      "Jacob Batalon",
      "Jon Favreau",
      "Jamie Foxx",
      "Willem Dafoe",
      "Alfred Molina"
    ],
    "subGenres": [
      "Epic"
    ],
    "runtime": 148,
    "rating": 7.945,
    "voteCount": 20771,
    "releaseDate": "2021-12-15",
    "originalLanguage": "en",
    "language": "English",
    "directors": [
      "Jon Watts"
    ],
    "writers": [
      "Chris McKenna",
      "Erik Sommers"
    ],
    "similarIds": [
      "15969",
      "15983",
      "16000",
      "16045",
      "269149"
    ]
  },
  {
    "id": "76600",
    "title": "Avatar: The Way of Water",
    "posterUrl": "https://image.tmdb.org/t/p/w500/t6HIqrRAclMCA60NsSmeqe9RmNV.jpg",
    "overview": "Set more than a decade after the events of the first film, learn the story of the Sully family (Jake, Neytiri, and their kids), the trouble that follows them, the lengths they go to keep each other safe, the battles they fight to stay alive, and the tragedies they endure.",
    "genres": [
      "Science Fiction",
      "Adventure",
      "Action"
    ],
    "tags": [
      "dying and death",
      "sequel",
      "Action-Packed",
      "loss of loved one",
      "alien planet",
      "distant future",
      "adopted son",
      "rebirth",
      "family dynamics",
      "stronger villain",
      "war",
      "resurrection",
      "adopted child",
      "alien life-form",
      "dysfunctional family",
      "Family-Friendly"
    ],
    "cast": [
      "Sam Worthington",
      "Zoe Salda\u00f1a",
      "Sigourney Weaver",
      "Stephen Lang",
      "Kate Winslet",
      "Cliff Curtis",
      "Joel David Moore",
      "CCH Pounder"
    ],
    "subGenres": [
      "Action-Packed",
      "Family-Friendly"
    ],
    "runtime": 192,
    "rating": 7.611,
    "voteCount": 12566,
    "releaseDate": "2022-12-14",
    "originalLanguage": "en",
    "language": "English",
    "directors": [
      "James Cameron"
    ],
    "writers": [
      "James Cameron",
      "Amanda Silver",
      "Rick Jaffa"
    ],
    "similarIds": [
      "79",
      "96",
      "101",
      "111",
      "121"
    ]
  },
  {
    "id": "808",
    "title": "Shrek",
    "posterUrl": "https://image.tmdb.org/t/p/w500/iB64vpL3dIObOtMZgX3RqdVdQDc.jpg",
    "overview": "It ain't easy bein' green -- especially if you're a likable (albeit smelly) ogre named Shrek. On a mission to retrieve a gorgeous princess from the clutches of a fire-breathing dragon, Shrek teams up with an unlikely compatriot -- a wisecracking donkey.",
    "genres": [
      "Animation",
      "Comedy",
      "Fantasy",
      "Adventure",
      "Family"
    ],
    "tags": [
      "magic",
      "enchantment",
      "donkey",
      "princess",
      "dragon",
      "robin hood",
      "parody",
      "prince",
      "Sci-Fi/Techy",
      "lordship",
      "fairy tale",
      "anthropomorphism",
      "woman director",
      "cartoon donkey",
      "castle",
      "based on novel or book",
      "swamp",
      "villain",
      "ogre",
      "hilarious",
      "liberation"
    ],
    "cast": [
      "Mike Myers",
      "Eddie Murphy",
      "Cameron Diaz",
      "John Lithgow",
      "Vincent Cassel",
      "Peter Dennis",
      "Clive Pearse",
      "Jim Cummings"
    ],
    "subGenres": [
      "Sci-Fi/Techy"
    ],
    "runtime": 90,
    "rating": 7.752,
    "voteCount": 17685,
    "releaseDate": "2001-05-18",
    "originalLanguage": "en",
    "language": "English",
    "directors": [
      "Andrew Adamson",
      "Vicky Jenson"
    ],
    "writers": [
      "Ted Elliott",
      "Roger S.H. Schulman",
      "Joe Stillman",
      "Terry Rossio"
    ],
    "similarIds": [
      "74",
      "75",
      "253270",
      "253283",
      "90"
    ]
  },
  {
    "id": "269149",
    "title": "Zootopia",
    "posterUrl": "https://image.tmdb.org/t/p/w500/hlK0e0wAQ3VLuJcsfIYPvb4JVud.jpg",
    "overview": "Determined to prove herself, Officer Judy Hopps, the first bunny on Zootopia's police force, jumps at the chance to crack her first case - even if it means partnering with scam-artist fox Nick Wilde to solve the mystery.",
    "genres": [
      "Animation",
      "Adventure",
      "Family",
      "Comedy"
    ],
    "tags": [
      "female villain",
      "bullying",
      "female protagonist",
      "cartoon bear",
      "cheerful",
      "conspiracy",
      "stereotype",
      "cartoon elephant",
      "racial prejudice",
      "lion",
      "con artist",
      "cartoon animal",
      "Twisty",
      "allegory",
      "sheep",
      "polar bear",
      "anthropomorphism",
      "discrimination",
      "cartoon",
      "farcical",
      "reconciliation",
      "rookie cop",
      "cartoon fox",
      "buddy cop",
      "joyful",
      "revenge",
      "urban",
      "fable",
      "villain",
      "villain arrested",
      "hippopotamus",
      "missing person",
      "cartoon rabbit",
      "injustice"
    ],
    "cast": [
      "Jason Bateman",
      "Ginnifer Goodwin",
      "Idris Elba",
      "Jenny Slate",
      "Nate Torrence",
      "Bonnie Hunt",
      "Don Lake",
      "Tommy Chong"
    ],
    "subGenres": [
      "Twisty"
    ],
    "runtime": 109,
    "rating": 7.748,
    "voteCount": 16689,
    "releaseDate": "2016-02-11",
    "originalLanguage": "en",
    "language": "English",
    "directors": [
      "Byron Howard",
      "Rich Moore"
    ],
    "writers": [
      "Jared Bush",
      "Phil Johnston"
    ],
    "similarIds": [
      "37866",
      "1365547",
      "639933",
      "37627",
      "37662"
    ]
  },
  {
    "id": "496243",
    "title": "Parasite",
    "posterUrl": "https://image.tmdb.org/t/p/w500/7IiTTgloJzvGI1TAYymCfbfl3vT.jpg",
    "overview": "All unemployed, Ki-taek's family takes peculiar interest in the wealthy and glamorous Parks for their livelihood until they get entangled in an unexpected incident.",
    "genres": [
      "Comedy",
      "Thriller",
      "Drama"
    ],
    "tags": [
      "psychological thriller",
      "tutor",
      "psychotic",
      "housekeeper",
      "con artist",
      "aggressive",
      "dark comedy",
      "working class",
      "seoul, south korea",
      "criterion",
      "crime family",
      "unemployed",
      "class differences",
      "wealthy family",
      "birthday party",
      "south korea",
      "Family-Friendly",
      "private lessons",
      "shocking",
      "family"
    ],
    "cast": [
      "Song Kang-ho",
      "Lee Sun-kyun",
      "Cho Yeo-jeong",
      "Choi Woo-shik",
      "Park So-dam",
      "Lee Jung-eun",
      "Jang Hye-jin",
      "Park Myung-hoon"
    ],
    "subGenres": [
      "Family-Friendly"
    ],
    "runtime": 133,
    "rating": 8.499,
    "voteCount": 19062,
    "releaseDate": "2019-05-30",
    "originalLanguage": "ko",
    "language": "English",
    "directors": [
      "Bong Joon Ho"
    ],
    "writers": [
      "Han Jin-won",
      "Bong Joon Ho"
    ],
    "similarIds": [
      "73",
      "75",
      "76",
      "77",
      "253277"
    ]
  },
  {
    "id": "106646",
    "title": "The Wolf of Wall Street",
    "posterUrl": "https://image.tmdb.org/t/p/w500/kW9LmvYHAaS9iA0tHmZVq8hQYoq.jpg",
    "overview": "A New York stockbroker refuses to cooperate in a large securities fraud case involving corruption on Wall Street, corporate banking world and mob infiltration. Based on Jordan Belfort's autobiography.",
    "genres": [
      "Crime",
      "Drama",
      "Comedy"
    ],
    "tags": [
      "disrespectful",
      "audacious",
      "hedonism",
      "shocking",
      "con artist",
      "hilarious",
      "wall street",
      "fame-seeking",
      "based on novel or book",
      "stripping",
      "financial market",
      "callous",
      "sarcastic",
      "anti hero",
      "taunting",
      "black monday",
      "money",
      "based on real person",
      "cautionary",
      "corrupt",
      "fraud",
      "stockbroker",
      "drug addiction",
      "based on true story",
      "cynical",
      "rise and fall",
      "1980s",
      "desire for fame",
      "drugs",
      "wealthy",
      "decadence",
      "con man",
      "corruption",
      "sharemarket fraud"
    ],
    "cast": [
      "Leonardo DiCaprio",
      "Jonah Hill",
      "Margot Robbie",
      "Matthew McConaughey",
      "Kyle Chandler",
      "Rob Reiner",
      "Jon Bernthal",
      "Jon Favreau"
    ],
    "subGenres": [],
    "runtime": 180,
    "rating": 8.029,
    "voteCount": 24616,
    "releaseDate": "2013-12-25",
    "originalLanguage": "en",
    "similarIds": [
      "253105",
      "253120",
      "253161",
      "1314398",
      "1314481"
    ]
  },
  {
    "id": "13",
    "title": "Forrest Gump",
    "posterUrl": "https://image.tmdb.org/t/p/w500/arw2vcBveWOVZr6pxd9XTd1TdQa.jpg",
    "overview": "A man with a low IQ has accomplished great things in his life and been present during significant historic events\u2014in each case, far exceeding what anyone imagined he could do. But despite all he has achieved, his one true love eludes him.",
    "genres": [
      "Comedy",
      "Drama",
      "Romance"
    ],
    "tags": [
      "mentally disabled",
      "1960s",
      "1970s",
      "black panther party",
      "waitress",
      "based on novel or book",
      "single parent",
      "curious",
      "usa president",
      "bus stop",
      "college american football",
      "america",
      "parent child relationship",
      "military",
      "alabama",
      "washington dc, usa",
      "post-traumatic stress disorder (ptsd)",
      "autism",
      "drug addiction",
      "family relationships",
      "mother son relationship",
      "chameleon",
      "single mother",
      "feel-good",
      "vietnam war",
      "new year's eve",
      "anti war protest",
      "hippie",
      "friendship",
      "optimism",
      "vietnam veteran",
      "Romantic"
    ],
    "cast": [
      "Tom Hanks",
      "Robin Wright",
      "Gary Sinise",
      "Sally Field",
      "Mykelti Williamson",
      "Michael Conner Humphreys",
      "Hanna Hall",
      "Haley Joel Osment"
    ],
    "subGenres": [
      "Romantic"
    ],
    "runtime": 142,
    "rating": 8.468,
    "voteCount": 28209,
    "releaseDate": "1994-06-23",
    "originalLanguage": "en",
    "similarIds": [
      "253105",
      "253112",
      "253161",
      "1314481",
      "427012"
    ]
  },
  {
    "id": "177572",
    "title": "Big Hero 6",
    "posterUrl": "https://image.tmdb.org/t/p/w500/2mxS4wUimwlLmI1xp6QW6NSU361.jpg",
    "overview": "A special bond develops between plus-sized inflatable robot Baymax, and prodigy Hiro Hamada, who team up with a group of friends to form a band of high-tech heroes.",
    "genres": [
      "Adventure",
      "Family",
      "Animation",
      "Action",
      "Comedy"
    ],
    "tags": [
      "moral dilemma",
      "san francisco, california",
      "friendship",
      "best friend",
      "hero",
      "super villain",
      "superhero",
      "boy genius",
      "dead brother",
      "supervillain",
      "tokyo, japan",
      "aftercreditsstinger",
      "talent",
      "Sci-Fi/Techy",
      "Epic",
      "teen superhero",
      "sibling relationship",
      "cartoon",
      "another dimension",
      "based on comic",
      "revenge",
      "east asian lead",
      "martial arts",
      "robot",
      "villain",
      "villain arrested",
      "hopeful"
    ],
    "cast": [
      "Scott Adsit",
      "Ryan Potter",
      "Daniel Henney",
      "T.J. Miller",
      "Jamie Chung",
      "Damon Wayans Jr.",
      "Genesis Rodriguez",
      "James Cromwell"
    ],
    "subGenres": [
      "Sci-Fi/Techy",
      "Epic"
    ],
    "runtime": 102,
    "rating": 7.73,
    "voteCount": 15895,
    "releaseDate": "2014-10-24",
    "originalLanguage": "en",
    "language": "English",
    "directors": [
      "Don Hall",
      "Chris Williams"
    ],
    "writers": [
      "Jordan Roberts",
      "Daniel Gerson",
      "Robert L. Baird"
    ],
    "similarIds": [
      "427012",
      "427029",
      "426646",
      "253270",
      "253287"
    ]
  },
  {
    "id": "18785",
    "title": "The Hangover",
    "posterUrl": "https://image.tmdb.org/t/p/w500/A0uS9rHR56FeBtpjVki16M5xxSW.jpg",
    "overview": "When three friends finally come to after a raucous night of bachelor-party revelry, they find a baby in the closet and a tiger in the bathroom. But they can't seem to locate their best friend, Doug \u2013 who's supposed to be tying the knot. Launching a frantic search for Doug, the trio perseveres through a nasty hangover to try to make it to the church on time.",
    "genres": [
      "Comedy"
    ],
    "tags": [
      "irreverent",
      "las vegas",
      "blackjack",
      "hit with tire iron",
      "chapel",
      "drugs",
      "absurd",
      "farcical",
      "lost weekend",
      "hilarious",
      "celebratory",
      "\u5bbf\u9189",
      "stag night",
      "memory loss",
      "dramatic",
      "amused"
    ],
    "cast": [
      "Bradley Cooper",
      "Ed Helms",
      "Zach Galifianakis",
      "Justin Bartha",
      "Heather Graham",
      "Sasha Barrese",
      "Jeffrey Tambor",
      "Ken Jeong"
    ],
    "subGenres": [],
    "runtime": 100,
    "rating": 7.324,
    "voteCount": 17249,
    "releaseDate": "2009-06-02",
    "originalLanguage": "en",
    "language": "English",
    "directors": [
      "Todd Phillips"
    ],
    "writers": [
      "Jon Lucas",
      "Scott Moore"
    ],
    "similarIds": [
      "71",
      "75",
      "253272",
      "90",
      "96"
    ]
  },
  {
    "id": "150540",
    "title": "Inside Out",
    "posterUrl": "https://image.tmdb.org/t/p/w500/2H1TmgdfNtsKlU9jKdeNyYL5y8T.jpg",
    "overview": "When 11-year-old Riley moves to a new city, her Emotions team up to help her through the transition. Joy, Fear, Anger, Disgust and Sadness work together, but when Joy and Sadness get lost, they must journey through unfamiliar places to get back home.",
    "genres": [
      "Animation",
      "Family",
      "Adventure",
      "Drama",
      "Comedy"
    ],
    "tags": [
      "instructive",
      "san francisco, california",
      "dreams",
      "running away",
      "minnesota",
      "unicorn",
      "Coming-of-Age",
      "elementary school",
      "anger",
      "fear",
      "Epic",
      "cartoon",
      "emotions",
      "disgust",
      "memory",
      "ice hockey",
      "family relationships",
      "duringcreditsstinger",
      "sadness",
      "joy",
      "imaginary friend",
      "family"
    ],
    "cast": [
      "Amy Poehler",
      "Phyllis Smith",
      "Richard Kind",
      "Bill Hader",
      "Lewis Black",
      "Mindy Kaling",
      "Kaitlyn Dias",
      "Diane Lane"
    ],
    "subGenres": [
      "Coming-of-Age",
      "Epic"
    ],
    "runtime": 95,
    "rating": 7.912,
    "voteCount": 22507,
    "releaseDate": "2015-06-17",
    "originalLanguage": "en",
    "language": "English",
    "directors": [
      "Pete Docter"
    ],
    "writers": [
      "Meg LeFauve",
      "Josh Cooley",
      "Pete Docter"
    ],
    "similarIds": [
      "71",
      "73",
      "253277",
      "100",
      "106"
    ]
  },
  {
    "id": "863",
    "title": "Toy Story 2",
    "posterUrl": "https://image.tmdb.org/t/p/w500/yFWQkz2ynjwsazT6xQiIXEUsyuh.jpg",
    "overview": "Andy heads off to Cowboy Camp, leaving his toys to their own devices. Things shift into high gear when an obsessive toy collector named Al McWhiggen, owner of Al's Toy Barn kidnaps Woody. Andy's toys mount a daring rescue mission, Buzz Lightyear meets his match and Woody has to decide where he and his heart truly belong.",
    "genres": [
      "Animation",
      "Comedy",
      "Family"
    ],
    "tags": [
      "collector",
      "flea market",
      "prosecution",
      "sequel",
      "villain",
      "duringcreditsstinger",
      "prospector",
      "museum",
      "friendship",
      "personification",
      "inanimate objects come to life",
      "airplane",
      "garage sale",
      "buddy",
      "identity crisis",
      "toy comes to life",
      "rescue team"
    ],
    "cast": [
      "Tom Hanks",
      "Tim Allen",
      "Joan Cusack",
      "Kelsey Grammer",
      "Don Rickles",
      "Jim Varney",
      "Wallace Shawn",
      "John Ratzenberger"
    ],
    "subGenres": [],
    "runtime": 92,
    "rating": 7.598,
    "voteCount": 14153,
    "releaseDate": "1999-10-30",
    "originalLanguage": "en",
    "language": "English",
    "directors": [
      "John Lasseter"
    ],
    "writers": [
      "Doug Chamberlin",
      "Andrew Stanton",
      "Rita Hsiao",
      "Chris Webb"
    ],
    "similarIds": [
      "71",
      "253270",
      "96",
      "112",
      "12"
    ]
  },
  {
    "id": "585",
    "title": "Monsters, Inc.",
    "posterUrl": "https://image.tmdb.org/t/p/w500/qjlbN6aK1qgeg3SspFVovT2D1Me.jpg",
    "overview": "Lovable Sulley and his wisecracking sidekick Mike Wazowski are the top scare team at Monsters, Inc., the scream-processing factory in Monstropolis. When a little girl named Boo wanders into their world, it's the monsters who are scared silly, and it's up to Sulley and Mike to keep her out of sight and get her back home.",
    "genres": [
      "Animation",
      "Comedy",
      "Family"
    ],
    "tags": [
      "portal",
      "conveyor belt",
      "monster",
      "energy supply",
      "hijinks",
      "energy company",
      "best friend",
      "rivalry",
      "door",
      "chameleon",
      "panic",
      "invisibility",
      "cheating",
      "kidnapping",
      "parallel world",
      "villain",
      "friends",
      "duringcreditsstinger",
      "villain arrested",
      "conspirators",
      "infant",
      "family"
    ],
    "cast": [
      "John Goodman",
      "Billy Crystal",
      "Mary Gibbs",
      "Steve Buscemi",
      "James Coburn",
      "Jennifer Tilly",
      "Bob Peterson",
      "John Ratzenberger"
    ],
    "subGenres": [],
    "runtime": 92,
    "rating": 7.844,
    "voteCount": 18856,
    "releaseDate": "2001-11-01",
    "originalLanguage": "en",
    "language": "English",
    "directors": [
      "Pete Docter"
    ],
    "writers": [
      "Andrew Stanton",
      "Daniel Gerson"
    ],
    "similarIds": [
      "15997",
      "16058",
      "269149",
      "445629",
      "16110"
    ]
  },
  {
    "id": "138843",
    "title": "The Conjuring",
    "posterUrl": "https://image.tmdb.org/t/p/w500/wVYREutTvI2tmxr6ujrHT704wGF.jpg",
    "overview": "Paranormal investigators Ed and Lorraine Warren work to help a family terrorized by a dark presence in their farmhouse. Forced to confront a powerful entity, the Warrens find themselves caught in the most terrifying case of their lives.",
    "genres": [
      "Horror",
      "Thriller"
    ],
    "tags": [
      "crucifix",
      "exorcism",
      "based on true story",
      "demonology",
      "paranormal investigation",
      "the conjuring universe",
      "demonic",
      "1970s",
      "dramatic",
      "Sci-Fi/Techy",
      "possession",
      "frightened",
      "sibling relationship",
      "haunted house",
      "rhode island",
      "ghost",
      "cellar",
      "Family-Friendly",
      "Action-Packed",
      "psychic vision",
      "satanism",
      "Scary",
      "disturbed"
    ],
    "cast": [
      "Patrick Wilson",
      "Vera Farmiga",
      "Lili Taylor",
      "Ron Livingston",
      "Mackenzie Foy",
      "Joey King",
      "Hayley McFarland",
      "Shanley Caswell"
    ],
    "subGenres": [
      "Scary",
      "Action-Packed",
      "Sci-Fi/Techy",
      "Family-Friendly"
    ],
    "runtime": 112,
    "rating": 7.541,
    "voteCount": 11858,
    "releaseDate": "2013-07-18",
    "originalLanguage": "en",
    "language": "English",
    "directors": [
      "James Wan"
    ],
    "writers": [
      "Carey Hayes",
      "Chad Hayes"
    ],
    "similarIds": [
      "17",
      "1146719",
      "253306",
      "253400",
      "602009"
    ]
  },
  {
    "id": "348",
    "title": "Alien",
    "posterUrl": "https://image.tmdb.org/t/p/w500/vfrQk5IPloGg1v9Rzbh2Eg3VGyM.jpg",
    "overview": "During its return to the earth, commercial spaceship Nostromo intercepts a distress signal from a distant planet. When a three-member team of the crew discovers a chamber containing thousands of eggs on the planet, a creature inside one of the eggs attacks an explorer. The entire crew is unaware of the impending nightmare set to descend upon them when the alien parasite planted inside its unfortunate host is birthed.",
    "genres": [
      "Horror",
      "Science Fiction"
    ],
    "tags": [
      "female protagonist",
      "parasite",
      "space opera",
      "space travel",
      "Sci-Fi/Techy",
      "cowardice",
      "space",
      "biology",
      "xenomorph",
      "cosmos",
      "spacecraft",
      "alien",
      "Action-Packed",
      "android",
      "beheading",
      "space marine",
      "dystopia",
      "countdown",
      "Scary",
      "space suit"
    ],
    "cast": [
      "Tom Skerritt",
      "Sigourney Weaver",
      "Veronica Cartwright",
      "Harry Dean Stanton",
      "John Hurt",
      "Ian Holm",
      "Yaphet Kotto",
      "Bolaji Badejo"
    ],
    "subGenres": [
      "Scary",
      "Action-Packed",
      "Sci-Fi/Techy"
    ],
    "runtime": 117,
    "rating": 8.164,
    "voteCount": 15279,
    "releaseDate": "1979-05-25",
    "originalLanguage": "en",
    "language": "English",
    "directors": [
      "Ridley Scott"
    ],
    "writers": [
      "Dan O'Bannon"
    ],
    "similarIds": [
      "601796",
      "37926",
      "37928",
      "37744",
      "37839"
    ]
  },
  {
    "id": "346364",
    "title": "It",
    "posterUrl": "https://image.tmdb.org/t/p/w500/9E2y5Q7WlCVNEhP5GiVTjhEhx1o.jpg",
    "overview": "In a small town in Maine, seven children known as The Losers Club come face to face with life problems, bullies and a monster that takes the shape of a clown called Pennywise.",
    "genres": [
      "Horror",
      "Thriller"
    ],
    "tags": [
      "abandoned house",
      "school",
      "bullying",
      "killer",
      "small town",
      "murder",
      "town history",
      "summer",
      "demonic",
      "fear",
      "kids",
      "Sci-Fi/Techy",
      "frightened",
      "creature",
      "well",
      "clown",
      "flashback",
      "based on novel or book",
      "balloon",
      "missing person",
      "death of brother",
      "maine",
      "coming of age"
    ],
    "cast": [
      "Bill Skarsg\u00e5rd",
      "Jaeden Martell",
      "Sophia Lillis",
      "Jack Dylan Grazer",
      "Finn Wolfhard",
      "Jeremy Ray Taylor",
      "Wyatt Oleff",
      "Chosen Jacobs"
    ],
    "subGenres": [
      "Sci-Fi/Techy"
    ],
    "runtime": 135,
    "rating": 7.238,
    "voteCount": 19354,
    "releaseDate": "2017-09-06",
    "originalLanguage": "en",
    "language": "English",
    "directors": [
      "Andy Muschietti"
    ],
    "writers": [
      "Cary Joji Fukunaga",
      "Chase Palmer",
      "Gary Dauberman"
    ],
    "similarIds": [
      "74",
      "77",
      "78",
      "106",
      "601807"
    ]
  },
  {
    "id": "419430",
    "title": "Get Out",
    "posterUrl": "https://image.tmdb.org/t/p/w500/mE24wUCfjK8AoBBjaMjho7Rczr7.jpg",
    "overview": "Chris and his girlfriend Rose go upstate to visit her parents for the weekend. At first, Chris reads the family's overly accommodating behavior as nervous attempts to deal with their daughter's interracial relationship, but as the weekend progresses, a series of increasingly disturbing discoveries lead him to a truth that he never could have imagined.",
    "genres": [
      "Mystery",
      "Thriller",
      "Horror"
    ],
    "tags": [
      "disappearance",
      "blunt",
      "dreary",
      "parents-in-law",
      "biting",
      "satire",
      "racism",
      "hypnosis",
      "satirical",
      "brain surgery",
      "race-conscious",
      "externally controlled action",
      "missing person",
      "psychological thriller",
      "racist",
      "manipulation",
      "interracial relationship",
      "Dark/Disturbing",
      "stereotype",
      "Family-Friendly",
      "kidnapping",
      "neurosurgeon",
      "revenge",
      "Romantic",
      "dark comedy"
    ],
    "cast": [
      "Daniel Kaluuya",
      "Allison Williams",
      "Catherine Keener",
      "Bradley Whitford",
      "Caleb Landry Jones",
      "Marcus Henderson",
      "Betty Gabriel",
      "LaKeith Stanfield"
    ],
    "subGenres": [
      "Family-Friendly",
      "Romantic",
      "Dark/Disturbing"
    ],
    "runtime": 104,
    "rating": 7.619,
    "voteCount": 17883,
    "releaseDate": "2017-02-24",
    "originalLanguage": "en",
    "similarIds": [
      "601666",
      "37865",
      "37901",
      "37929",
      "37936"
    ]
  },
  {
    "id": "447332",
    "title": "A Quiet Place",
    "posterUrl": "https://image.tmdb.org/t/p/w500/nAU74GmpUk7t5iklEp3bufwDq4n.jpg",
    "overview": "A family is forced to live in silence while hiding from creatures that hunt by sound.",
    "genres": [
      "Horror",
      "Drama",
      "Science Fiction"
    ],
    "tags": [
      "fireworks",
      "human vs alien",
      "angry",
      "deaf",
      "Slow-Burn",
      "child in peril",
      "survival horror",
      "parenting",
      "creature",
      "post-apocalyptic future",
      "alien invasion",
      "alien life-form",
      "pregnancy",
      "sign languages",
      "Family-Friendly"
    ],
    "cast": [
      "Emily Blunt",
      "John Krasinski",
      "Millicent Simmonds",
      "Noah Jupe",
      "Cade Woodward",
      "Leon Russom",
      "Rhoda Pell"
    ],
    "subGenres": [
      "Slow-Burn",
      "Family-Friendly"
    ],
    "runtime": 91,
    "rating": 7.4,
    "voteCount": 14564,
    "releaseDate": "2018-04-03",
    "originalLanguage": "en",
    "language": "English",
    "directors": [
      "John Krasinski"
    ],
    "writers": [
      "Bryan Woods",
      "Scott Beck",
      "John Krasinski"
    ],
    "similarIds": [
      "15999",
      "16027",
      "445602",
      "16186",
      "619887"
    ]
  },
  {
    "id": "44214",
    "title": "Black Swan",
    "posterUrl": "https://image.tmdb.org/t/p/w500/viWheBd44bouiLCHgNMvahLThqx.jpg",
    "overview": "The story of Nina, a ballerina in a New York City ballet company whose life, like all those in her profession, is completely consumed with dance. She lives with her retired ballerina mother Erica who zealously supports her daughter's professional ambition. When artistic director Thomas Leroy decides to replace prima ballerina Beth MacIntyre for the opening production of their new season, Swan Lake, Nina is his first choice.",
    "genres": [
      "Drama",
      "Thriller",
      "Horror"
    ],
    "tags": [
      "macabre",
      "female protagonist",
      "competition",
      "mother daughter relationship",
      "fear",
      "provocative",
      "self destructiveness",
      "suspenseful",
      "theater",
      "obsession",
      "mental illness",
      "ballet",
      "dancing",
      "dancer",
      "ballerina",
      "pointe shoes",
      "swan lake",
      "mysterious",
      "exhilarated",
      "aggressive",
      "distressing",
      "frightened",
      "madness",
      "ballet dancer",
      "paranoia",
      "complex",
      "self-harm",
      "psychological thriller",
      "hallucination",
      "nightmare",
      "stage performance",
      "intense",
      "reality vs fantasy",
      "new york city",
      "heartbreak",
      "antagonistic",
      "insanity"
    ],
    "cast": [
      "Natalie Portman",
      "Mila Kunis",
      "Vincent Cassel",
      "Barbara Hershey",
      "Winona Ryder",
      "Benjamin Millepied",
      "Ksenia Solo",
      "Kristina Anapau"
    ],
    "subGenres": [],
    "runtime": 109,
    "rating": 7.686,
    "voteCount": 14808,
    "releaseDate": "2010-12-03",
    "originalLanguage": "en",
    "similarIds": [
      "426604",
      "966238",
      "1313984",
      "37753",
      "37799"
    ]
  },
  {
    "id": "381288",
    "title": "Split",
    "posterUrl": "https://image.tmdb.org/t/p/w500/lli31lYTFpvxVBeFHWoe5PMfW5s.jpg",
    "overview": "Though Kevin has evidenced 23 personalities to his trusted psychiatrist, Dr. Fletcher, there remains one still submerged who is set to materialize and dominate all the others. Compelled to abduct three teenage girls led by the willful, observant Casey, Kevin reaches a war for survival among all of those contained within him \u2014 as well as everyone around him \u2014 as the walls between his compartments shatter apart.",
    "genres": [
      "Horror",
      "Thriller"
    ],
    "tags": [
      "child abuse",
      "philadelphia, pennsylvania",
      "Action-Packed",
      "sequel",
      "split personality",
      "kidnapping",
      "gore",
      "Coming-of-Age",
      "dissociative identity disorder",
      "teenage girl",
      "stalking",
      "defiant",
      "mental illness",
      "multiple personality",
      "traumatic childhood",
      "super power",
      "Sci-Fi/Techy"
    ],
    "cast": [
      "James McAvoy",
      "Anya Taylor-Joy",
      "Betty Buckley",
      "Haley Lu Richardson",
      "Jessica Sula",
      "Izzie Coffey",
      "Brad William Henke",
      "Sebastian Arcelus"
    ],
    "subGenres": [
      "Action-Packed",
      "Coming-of-Age",
      "Sci-Fi/Techy"
    ],
    "runtime": 117,
    "rating": 7.341,
    "voteCount": 17664,
    "releaseDate": "2017-01-19",
    "originalLanguage": "en",
    "language": "English",
    "directors": [
      "M. Night Shyamalan"
    ],
    "writers": [
      "M. Night Shyamalan"
    ],
    "similarIds": [
      "253205",
      "37929",
      "37935",
      "37645",
      "1365345"
    ]
  },
  {
    "id": "539",
    "title": "Psycho",
    "posterUrl": "https://image.tmdb.org/t/p/w500/yz4QVqPx3h1hD1DfqqQkCq3rmxW.jpg",
    "overview": "When larcenous real estate clerk Marion Crane goes on the lam with a wad of cash and hopes of starting a new life, she ends up at the notorious Bates Motel, where manager Norman Bates cares for his housebound mother.",
    "genres": [
      "Horror",
      "Thriller",
      "Mystery"
    ],
    "tags": [
      "dual personality",
      "corpse",
      "human vulnerabilities",
      "double identity",
      "shower",
      "voyeurism",
      "clerk",
      "corruptibility",
      "mental illness",
      "secretary",
      "man with female alter ego",
      "taxidermy",
      "money",
      "private detective",
      "anxious",
      "psycho",
      "arizona",
      "murderer",
      "halloween",
      "proto-slasher",
      "black and white",
      "mother son relationship",
      "confused identities",
      "motel",
      "hotel",
      "abusive mother",
      "stolen money",
      "missing person",
      "psychological thriller",
      "oedipus complex",
      "multiple personality disorder",
      "dramatic",
      "theft",
      "woman on the run",
      "birds",
      "voyeur"
    ],
    "cast": [
      "Anthony Perkins",
      "Janet Leigh",
      "Vera Miles",
      "John Gavin",
      "Martin Balsam",
      "John McIntire",
      "Simon Oakland",
      "Frank Albertson"
    ],
    "subGenres": [],
    "runtime": 109,
    "rating": 8.422,
    "voteCount": 10353,
    "releaseDate": "1960-06-22",
    "originalLanguage": "en",
    "similarIds": [
      "619730",
      "16166",
      "983524",
      "619887",
      "983815"
    ]
  },
  {
    "id": "19908",
    "title": "Zombieland",
    "posterUrl": "https://image.tmdb.org/t/p/w500/dUkAmAyPVqubSBNRjRqCgHggZcK.jpg",
    "overview": "Columbus has made a habit of running from what scares him. Tallahassee doesn't have fears. If he did, he'd kick their ever-living ass. In a world overrun by zombies, these two are perfectly evolved survivors. But now, they're about to stare down the most terrifying prospect of all: each other.",
    "genres": [
      "Comedy",
      "Horror"
    ],
    "tags": [
      "survival horror",
      "fear of clowns",
      "circus",
      "satirical",
      "sarcastic",
      "enthusiastic",
      "body count",
      "disposing of a dead body",
      "absurd",
      "aftercreditsstinger",
      "post-apocalyptic future",
      "parody",
      "washington dc, usa",
      "dramatic",
      "zombification",
      "frightened",
      "sibling relationship",
      "gore",
      "amusement park",
      "foreboding",
      "twinkie",
      "road trip",
      "hilarious",
      "exhilarated",
      "loner",
      "Scary",
      "zombie",
      "zombie apocalypse"
    ],
    "cast": [
      "Jesse Eisenberg",
      "Woody Harrelson",
      "Emma Stone",
      "Abigail Breslin",
      "Amber Heard",
      "Bill Murray",
      "Derek Graf",
      "Elle Alexander"
    ],
    "subGenres": [
      "Scary"
    ],
    "runtime": 88,
    "rating": 7.261,
    "voteCount": 12514,
    "releaseDate": "2009-10-02",
    "originalLanguage": "en",
    "language": "English",
    "directors": [
      "Ruben Fleischer"
    ],
    "writers": [
      "Rhett Reese",
      "Paul Wernick"
    ],
    "similarIds": [
      "75",
      "90",
      "96",
      "105",
      "107"
    ]
  },
  {
    "id": "597",
    "title": "Titanic",
    "posterUrl": "https://image.tmdb.org/t/p/w500/9xjZS2rlVxm8SFx8kPC3aIGCOYQ.jpg",
    "overview": "101-year-old Rose DeWitt Bukater tells the story of her life aboard the Titanic, 84 years later. A young Rose boards the ship with her mother and fianc\u00e9. Meanwhile, Jack Dawson and Fabrizio De Rossi win third-class tickets aboard the ship. Rose tells the whole story from Titanic's departure through to its death\u2014on its first and last voyage\u2014on April 15, 1912.",
    "genres": [
      "Drama",
      "Romance"
    ],
    "tags": [
      "lifeboat",
      "romantic",
      "ship",
      "shipwreck",
      "disaster movie",
      "love",
      "disaster",
      "tragic love",
      "steerage",
      "based on true story",
      "rich woman poor man",
      "sinking ship",
      "1910s",
      "sunken ship",
      "panic",
      "ocean liner",
      "drowning",
      "class differences",
      "historical fiction",
      "tragedy",
      "forbidden love",
      "rich snob",
      "epic",
      "love affair",
      "evacuation",
      "iceberg",
      "titanic",
      "star crossed lovers",
      "historical event"
    ],
    "cast": [
      "Leonardo DiCaprio",
      "Kate Winslet",
      "Billy Zane",
      "Kathy Bates",
      "Frances Fisher",
      "Gloria Stuart",
      "Victor Garber",
      "Bill Paxton"
    ],
    "subGenres": [],
    "runtime": 194,
    "rating": 7.906,
    "voteCount": 25997,
    "releaseDate": "1997-11-18",
    "originalLanguage": "en",
    "language": "English",
    "directors": [
      "James Cameron"
    ],
    "writers": [
      "James Cameron"
    ],
    "similarIds": [
      "15967",
      "15969",
      "15977",
      "16015",
      "16017"
    ]
  },
  {
    "id": "11036",
    "title": "The Notebook",
    "posterUrl": "https://image.tmdb.org/t/p/w500/rNzQyW4f8B8cQeg7Dgj3n6eT5k9.jpg",
    "overview": "An epic love story centered around an older man who reads aloud to a woman with Alzheimer's. From a faded notebook, the old man's words bring to life the story about a couple who is separated by World War II, and is then passionately reunited, seven years later, after they have taken different paths.",
    "genres": [
      "Romance",
      "Drama"
    ],
    "tags": [
      "based on novel or book",
      "mailbox",
      "Action-Packed",
      "Romantic",
      "romantic",
      "valentine's day",
      "sadness",
      "love of one's life",
      "fight",
      "melancholy",
      "tears",
      "secret love",
      "poem",
      "class",
      "dementia",
      "river",
      "candle",
      "Epic"
    ],
    "cast": [
      "Ryan Gosling",
      "Rachel McAdams",
      "Gena Rowlands",
      "James Garner",
      "Joan Allen",
      "David Thornton",
      "James Marsden",
      "Kevin Connolly"
    ],
    "subGenres": [
      "Action-Packed",
      "Romantic",
      "Epic"
    ],
    "runtime": 123,
    "rating": 7.89,
    "voteCount": 11882,
    "releaseDate": "2004-05-25",
    "originalLanguage": "en",
    "language": "English",
    "directors": [
      "Nick Cassavetes"
    ],
    "writers": [
      "Jeremy Leven",
      "Jan Sardi"
    ],
    "similarIds": [
      "253105",
      "253161",
      "1314481",
      "427025",
      "253198"
    ]
  },
  {
    "id": "372058",
    "title": "Your Name.",
    "posterUrl": "https://image.tmdb.org/t/p/w500/8GJsy7w7frGquw1cy9jasOGNNI1.jpg",
    "overview": "High schoolers Mitsuha and Taki are complete strangers living separate lives. But one night, they suddenly switch places. Mitsuha wakes up in Taki\u2019s body, and he in hers. This bizarre occurrence continues to happen randomly, and the two must adjust their lives around each other.",
    "genres": [
      "Animation",
      "Romance",
      "Drama"
    ],
    "tags": [
      "high school",
      "natural disaster",
      "comet",
      "nonlinear timeline",
      "japanese high school",
      "school",
      "high school student",
      "time travel",
      "tragedy",
      "dreams",
      "star crossed lovers",
      "supernatural",
      "race against time",
      "afterlife",
      "anime",
      "romance",
      "body-swap"
    ],
    "cast": [
      "Ryunosuke Kamiki",
      "Mone Kamishiraishi",
      "Ryo Narita",
      "Aoi Yuki",
      "Nobunaga Shimazaki",
      "Kaito Ishikawa",
      "Kanon Tani",
      "Masaki Terasoma"
    ],
    "subGenres": [],
    "runtime": 106,
    "rating": 8.482,
    "voteCount": 11773,
    "releaseDate": "2016-08-26",
    "originalLanguage": "ja",
    "language": "Japanese",
    "directors": [
      "Makoto Shinkai"
    ],
    "writers": [
      "Makoto Shinkai"
    ],
    "similarIds": [
      "15981",
      "15999",
      "16006",
      "16029",
      "16030"
    ]
  },
  {
    "id": "102651",
    "title": "Maleficent",
    "posterUrl": "https://image.tmdb.org/t/p/w500/bDG3yei6AJlEAK3A5wN7RwFXQ7V.jpg",
    "overview": "A beautiful, pure-hearted young woman, Maleficent has an idyllic life growing up in a peaceable forest kingdom, until one day when an invading army threatens the harmony of the land. She rises to be the land's fiercest protector, but she ultimately suffers a ruthless betrayal \u2013 an act that begins to turn her heart into stone. Bent on revenge, Maleficent faces an epic battle with the invading King's successor and, as a result, places a curse upon his newborn infant Aurora. As the child grows, Maleficent realizes that Aurora holds the key to peace in the kingdom \u2013 and to Maleficent's true happiness as well.",
    "genres": [
      "Fantasy",
      "Adventure",
      "Action",
      "Family",
      "Romance"
    ],
    "tags": [
      "curse",
      "fairies",
      "protector",
      "magic",
      "based on fairy tale",
      "retelling",
      "friendship",
      "enchantment",
      "kingdom",
      "cursed princess",
      "wings",
      "fairy",
      "childhood friends",
      "Coming-of-Age",
      "prince",
      "literary adaptation",
      "Epic",
      "fairy tale",
      "kindness",
      "creatures",
      "raven",
      "true love",
      "good becoming evil",
      "dark forest",
      "Action-Packed",
      "villain",
      "dark fantasy",
      "live action remake",
      "betrayal",
      "sleeping spell",
      "Scary"
    ],
    "cast": [
      "Angelina Jolie",
      "Elle Fanning",
      "Imelda Staunton",
      "Sharlto Copley",
      "Lesley Manville",
      "Juno Temple",
      "Sam Riley",
      "Brenton Thwaites"
    ],
    "subGenres": [
      "Scary",
      "Action-Packed",
      "Coming-of-Age",
      "Epic"
    ],
    "runtime": 97,
    "rating": 7.089,
    "voteCount": 13285,
    "releaseDate": "2014-05-28",
    "originalLanguage": "en",
    "language": "English",
    "directors": [
      "Robert Stromberg"
    ],
    "writers": [
      "Linda Woolverton"
    ],
    "similarIds": [
      "15969",
      "15999",
      "269149",
      "16110",
      "16119"
    ]
  },
  {
    "id": "296096",
    "title": "Me Before You",
    "posterUrl": "https://image.tmdb.org/t/p/w500/Ia3dzj5LnCj1ZBdlVeJrbKJQxG.jpg",
    "overview": "A small town girl is caught between dead-end jobs. A high-profile, successful man becomes wheelchair bound following an accident. The man decides his life is not worth living until the girl is hired for six months to be his new caretaker. Worlds apart and trapped together by circumstance, the two get off to a rocky start. But the girl becomes determined to prove to the man that life is worth living and as they embark on a series of adventures together, each finds their world changing in ways neither of them could begin to imagine.",
    "genres": [
      "Drama",
      "Romance"
    ],
    "tags": [
      "based on novel or book",
      "wheelchair",
      "accident",
      "caregiver",
      "artist",
      "caretaker",
      "woman director",
      "depression",
      "small town",
      "england",
      "love",
      "twenty something",
      "Sci-Fi/Techy",
      "disabled",
      "romance",
      "valentine's day"
    ],
    "cast": [
      "Emilia Clarke",
      "Sam Claflin",
      "Janet McTeer",
      "Charles Dance",
      "Brendan Coyle",
      "Jenna Coleman",
      "Matthew Lewis",
      "Samantha Spiro"
    ],
    "subGenres": [
      "Sci-Fi/Techy"
    ],
    "runtime": 110,
    "rating": 7.93,
    "voteCount": 12652,
    "releaseDate": "2016-06-01",
    "originalLanguage": "en",
    "language": "English",
    "directors": [
      "Thea Sharrock"
    ],
    "writers": [
      "Michael H. Weber",
      "Scott Neustadter",
      "Jojo Moyes"
    ],
    "similarIds": [
      "253081",
      "253105",
      "253116",
      "253161",
      "1314477"
    ]
  },
  {
    "id": "152601",
    "title": "Her",
    "posterUrl": "https://image.tmdb.org/t/p/w500/lEIaL12hSkqqe83kgADkbUqEnvk.jpg",
    "overview": "In the not so distant future, Theodore, a lonely writer, purchases a newly developed operating system designed to meet the user's every need. To Theodore's surprise, a romantic relationship develops between him and his operating system. This unconventional love story blends science fiction and romance in a sweet tale that explores the nature of love and the ways that technology isolates and connects us all.",
    "genres": [
      "Romance",
      "Science Fiction",
      "Drama"
    ],
    "tags": [
      "artificial intelligence (a.i.)",
      "comforting",
      "loneliness",
      "heartbreak",
      "love",
      "semi autobiographical",
      "sentimental",
      "los angeles, california",
      "intimate",
      "future",
      "near future",
      "dramatic",
      "Sci-Fi/Techy",
      "provocative",
      "operating system",
      "computer",
      "melodramatic",
      "transhumanism",
      "satire",
      "Action-Packed",
      "Romantic",
      "serene",
      "speculative",
      "singularity"
    ],
    "cast": [
      "Joaquin Phoenix",
      "Scarlett Johansson",
      "Lynn Adrianna",
      "Lisa Renee Pitts",
      "Gabe Gomez",
      "Chris Pratt",
      "Artt Butler",
      "May Lindstrom"
    ],
    "subGenres": [
      "Action-Packed",
      "Romantic",
      "Sci-Fi/Techy"
    ],
    "runtime": 126,
    "rating": 7.85,
    "voteCount": 14557,
    "releaseDate": "2013-12-18",
    "originalLanguage": "en",
    "language": "English",
    "directors": [
      "Spike Jonze"
    ],
    "writers": [
      "Spike Jonze"
    ],
    "similarIds": [
      "73",
      "76",
      "78",
      "98",
      "101"
    ]
  },
  {
    "id": "313369",
    "title": "La La Land",
    "posterUrl": "https://image.tmdb.org/t/p/w500/uDO8zWDhfWwoFdKS4fzkUJt0Rf0.jpg",
    "overview": "Mia, an aspiring actress, serves lattes to movie stars in between auditions and Sebastian, a jazz musician, scrapes by playing cocktail party gigs in dingy bars, but as success mounts they are faced with decisions that begin to fray the fragile fabric of their love affair, and the dreams they worked so hard to maintain in each other threaten to rip them apart.",
    "genres": [
      "Comedy",
      "Drama",
      "Romance",
      "Music"
    ],
    "tags": [
      "dancing",
      "griffith observatory",
      "dance",
      "planetarium",
      "romantic",
      "one woman show",
      "movie set",
      "coffee shop",
      "hollywood",
      "jazz",
      "los angeles, california",
      "audition",
      "ambition",
      "Sci-Fi/Techy",
      "tragic",
      "valentine's day",
      "pier",
      "traffic jam",
      "jazz club",
      "sunset",
      "musical",
      "pool party",
      "Romantic",
      "casting",
      "aspiring actor",
      "pianist",
      "exuberant"
    ],
    "cast": [
      "Ryan Gosling",
      "Emma Stone",
      "John Legend",
      "Rosemarie DeWitt",
      "J.K. Simmons",
      "Ami\u00e9e Conn",
      "Terry Walters",
      "Thom Shelton"
    ],
    "subGenres": [
      "Sci-Fi/Techy",
      "Romantic"
    ],
    "runtime": 129,
    "rating": 7.9,
    "voteCount": 17290,
    "releaseDate": "2016-12-01",
    "originalLanguage": "en",
    "language": "English",
    "directors": [
      "Damien Chazelle"
    ],
    "writers": [
      "Damien Chazelle"
    ],
    "similarIds": [
      "253299",
      "601757",
      "601762",
      "601541",
      "601667"
    ]
  },
  {
    "id": "398818",
    "title": "Call Me by Your Name",
    "posterUrl": "https://image.tmdb.org/t/p/w500/gXiE0WveDnT0n5J4sW9TMxXF4oT.jpg",
    "overview": "In 1980s Italy, a relationship begins between seventeen-year-old teenage Elio and the older adult man hired as his father's research assistant.",
    "genres": [
      "Romance",
      "Drama"
    ],
    "tags": [
      "coming of age",
      "first love",
      "lgbt",
      "love",
      "masturbation",
      "swimming pool",
      "breaking the fourth wall",
      "jewish family",
      "teenage boy",
      "peach",
      "1980s",
      "gay theme",
      "summer",
      "based on novel or book",
      "Romantic",
      "upper class",
      "italy",
      "Coming-of-Age"
    ],
    "cast": [
      "Armie Hammer",
      "Timoth\u00e9e Chalamet",
      "Michael Stuhlbarg",
      "Amira Casar",
      "Esther Garrel",
      "Victoire du Bois",
      "Vanda Capriolo",
      "Antonio Rimoldi"
    ],
    "subGenres": [
      "Romantic",
      "Coming-of-Age"
    ],
    "runtime": 132,
    "rating": 8.116,
    "voteCount": 12308,
    "releaseDate": "2017-07-28",
    "originalLanguage": "en",
    "similarIds": [
      "71",
      "253198",
      "78",
      "99",
      "109"
    ]
  },
  {
    "id": "420817",
    "title": "Aladdin",
    "posterUrl": "https://image.tmdb.org/t/p/w500/ykUEbfpkf8d0w49pHh0AD2KrT52.jpg",
    "overview": "A kindhearted street urchin named Aladdin embarks on a magical adventure after finding a lamp that releases a wisecracking genie while a power-hungry Grand Vizier vies for the same lamp that has the power to make their deepest wishes come true.",
    "genres": [
      "Adventure",
      "Fantasy",
      "Romance",
      "Family"
    ],
    "tags": [
      "rags to riches",
      "hilarious",
      "genie",
      "sultan",
      "familiar",
      "Epic",
      "hustler",
      "flying carpet",
      "live action remake",
      "arabian nights",
      "live action and animation",
      "monkey",
      "hero",
      "first love",
      "palace",
      "romance",
      "based on myths, legends or folklore",
      "family",
      "musical"
    ],
    "cast": [
      "Will Smith",
      "Mena Massoud",
      "Naomi Scott",
      "Marwan Kenzari",
      "Navid Negahban",
      "Nasim Pedrad",
      "Billy Magnussen",
      "Numan Acar"
    ],
    "subGenres": [
      "Epic"
    ],
    "runtime": 127,
    "rating": 7.098,
    "voteCount": 10226,
    "releaseDate": "2019-05-22",
    "originalLanguage": "en",
    "similarIds": [
      "426543",
      "426605",
      "856007",
      "85118",
      "856201"
    ]
  },
  {
    "id": "157336",
    "title": "Interstellar",
    "posterUrl": "https://image.tmdb.org/t/p/w500/gEU2QniE6E77NI6lCU6MxlNBvIx.jpg",
    "overview": "The adventures of a group of explorers who make use of a newly discovered wormhole to surpass the limitations on human space travel and conquer the vast distances involved in an interstellar voyage.",
    "genres": [
      "Adventure",
      "Drama",
      "Science Fiction"
    ],
    "tags": [
      "artificial intelligence (a.i.)",
      "space adventure",
      "2060s",
      "time manipulation",
      "astronaut",
      "sentimental",
      "famine",
      "admiring",
      "space travel",
      "quantum mechanics",
      "race against time",
      "time paradox",
      "cornfield",
      "future",
      "Sci-Fi/Techy",
      "time warp",
      "space",
      "scientist",
      "farmer",
      "spacecraft",
      "hibernation",
      "wormhole",
      "curious",
      "rescue",
      "expedition",
      "robot",
      "nasa",
      "space station",
      "cryonics",
      "family relationships",
      "single father",
      "father daughter relationship",
      "dystopia",
      "black hole"
    ],
    "cast": [
      "Matthew McConaughey",
      "Anne Hathaway",
      "Michael Caine",
      "Jessica Chastain",
      "Casey Affleck",
      "Wes Bentley",
      "Topher Grace",
      "Mackenzie Foy"
    ],
    "subGenres": [
      "Sci-Fi/Techy"
    ],
    "runtime": 169,
    "rating": 8.455,
    "voteCount": 37156,
    "releaseDate": "2014-11-05",
    "originalLanguage": "en",
    "language": "English",
    "directors": [
      "Christopher Nolan"
    ],
    "writers": [
      "Jonathan Nolan",
      "Christopher Nolan"
    ],
    "similarIds": [
      "71",
      "74",
      "78",
      "79",
      "89"
    ]
  },
  {
    "id": "238",
    "title": "The Godfather",
    "posterUrl": "https://image.tmdb.org/t/p/w500/3bhkrj58Vtu7enYsRolD1fZdja1.jpg",
    "overview": "Spanning the years 1945 to 1955, a chronicle of the fictional Italian-American Corleone crime family. When organized crime family patriarch, Vito Corleone barely survives an attempt on his life, his youngest son, Michael steps in to take care of the would-be killers, launching a campaign of bloody revenge.",
    "genres": [
      "Drama",
      "Crime"
    ],
    "tags": [
      "mafia",
      "gun violence",
      "vindictive",
      "\u03bf \u03bd\u03bf\u03bd\u03cc\u03c2",
      "religious hypocrisy",
      "le parrain",
      "patriarch",
      "europe",
      "aggressive",
      "revenge motive",
      "loss of loved one",
      "sicilian mafia",
      "1950s",
      "rise to power",
      "crime family",
      "gang violence",
      "Sci-Fi/Techy",
      "1940s",
      "\u043a\u0440\u0451\u0441\u0442\u043d\u044b\u0439 \u043e\u0442\u0435\u0446",
      "Family-Friendly",
      "based on novel or book",
      "familiar",
      "love at first sight",
      "religion",
      "audacious",
      "mafia war",
      "dead horse",
      "lawyer",
      "Scary",
      "symbolism",
      "italy",
      "organized crime"
    ],
    "cast": [
      "Marlon Brando",
      "Al Pacino",
      "James Caan",
      "Robert Duvall",
      "Richard S. Castellano",
      "Diane Keaton",
      "Talia Shire",
      "Gianni Russo"
    ],
    "subGenres": [
      "Scary",
      "Sci-Fi/Techy",
      "Family-Friendly"
    ],
    "runtime": 175,
    "rating": 8.687,
    "voteCount": 21455,
    "releaseDate": "1972-03-14",
    "originalLanguage": "en",
    "language": "English",
    "directors": [
      "Francis Ford Coppola"
    ],
    "writers": [
      "Mario Puzo",
      "Francis Ford Coppola"
    ],
    "similarIds": [
      "253198",
      "78",
      "79",
      "98",
      "101"
    ]
  },
  {
    "id": "278",
    "title": "The Shawshank Redemption",
    "posterUrl": "https://image.tmdb.org/t/p/w500/9cqNxx0GxF0bflZmeSMuL5tnGzr.jpg",
    "overview": "Imprisoned in the 1940s for the double murder of his wife and her lover, upstanding banker Andy Dufresne begins a new life at the Shawshank prison, where he puts his accounting skills to work for an amoral warden. During his long stretch in prison, Dufresne comes to be admired by the other inmates -- including an older prisoner named Red -- for his integrity and unquenchable sense of hope.",
    "genres": [
      "Drama",
      "Crime"
    ],
    "tags": [
      "freedom",
      "delinquent",
      "corruption",
      "friendship",
      "redemption",
      "framed for murder",
      "interracial friendship",
      "prison cell",
      "hope",
      "parole board",
      "wrongful imprisonment",
      "1940s",
      "prison escape",
      "police brutality",
      "prison",
      "based on novel or book",
      "Action-Packed",
      "Romantic",
      "voiceover"
    ],
    "cast": [
      "Tim Robbins",
      "Morgan Freeman",
      "Bob Gunton",
      "William Sadler",
      "Clancy Brown",
      "Gil Bellows",
      "James Whitmore",
      "Mark Rolston"
    ],
    "subGenres": [
      "Action-Packed",
      "Romantic"
    ],
    "runtime": 142,
    "rating": 8.71,
    "voteCount": 28315,
    "releaseDate": "1994-09-23",
    "originalLanguage": "en",
    "language": "English",
    "directors": [
      "Frank Darabont"
    ],
    "writers": [
      "Frank Darabont"
    ],
    "similarIds": [
      "253105",
      "253161",
      "1314481",
      "427025",
      "779816"
    ]
  },
  {
    "id": "872585",
    "title": "Oppenheimer",
    "posterUrl": "https://image.tmdb.org/t/p/w500/8Gxv8gSFCU0XGDykEGv7zR1n2ua.jpg",
    "overview": "The story of J. Robert Oppenheimer's role in the development of the atomic bomb during World War II.",
    "genres": [
      "Drama",
      "History"
    ],
    "tags": [
      "husband wife relationship",
      "guilt",
      "moral dilemma",
      "manhattan project",
      "new mexico",
      "usa politics",
      "based on true story",
      "world war ii",
      "los alamos",
      "antisemitism",
      "biography",
      "20th century",
      "red scare",
      "1940s",
      "nuclear weapons",
      "top secret project",
      "atomic bomb test",
      "interrogation",
      "atomic bomb",
      "mccarthyism",
      "based on novel or book",
      "Action-Packed",
      "physics",
      "historical event",
      "communism",
      "patriotism"
    ],
    "cast": [
      "Cillian Murphy",
      "Emily Blunt",
      "Matt Damon",
      "Robert Downey Jr.",
      "Florence Pugh",
      "Josh Hartnett",
      "Casey Affleck",
      "Rami Malek"
    ],
    "subGenres": [
      "Action-Packed"
    ],
    "runtime": 181,
    "rating": 8.059,
    "voteCount": 10250,
    "releaseDate": "2023-07-19",
    "originalLanguage": "en",
    "language": "Dutch",
    "directors": [
      "Christopher Nolan"
    ],
    "writers": [
      "Christopher Nolan"
    ],
    "similarIds": [
      "15961",
      "15973",
      "16015",
      "16032",
      "16039"
    ]
  },
  {
    "id": "550",
    "title": "Fight Club",
    "posterUrl": "https://image.tmdb.org/t/p/w500/pB8BM7pdSp6B6Ih7QZ4DrQ3PmJK.jpg",
    "overview": "A ticking-time-bomb insomniac and a slippery soap salesman channel primal male aggression into a shocking new form of therapy. Their concept catches on, with underground \"fight clubs\" forming in every town, until an eccentric gets in the way and ignites an out-of-control spiral toward oblivion.",
    "genres": [
      "Drama"
    ],
    "tags": [
      "dissociative identity disorder",
      "fight",
      "nihilism",
      "dual identity",
      "breaking the fourth wall",
      "Action-Packed",
      "rage and hate",
      "dystopia",
      "self destructiveness",
      "based on novel or book",
      "alter ego",
      "quitting a job",
      "insomnia",
      "split personality",
      "support group"
    ],
    "cast": [
      "Edward Norton",
      "Brad Pitt",
      "Helena Bonham Carter",
      "Meat Loaf",
      "Jared Leto",
      "Zach Grenier",
      "Holt McCallany",
      "Eion Bailey"
    ],
    "subGenres": [
      "Action-Packed"
    ],
    "runtime": 139,
    "rating": 8.438,
    "voteCount": 30273,
    "releaseDate": "1999-10-15",
    "originalLanguage": "en",
    "similarIds": [
      "15961",
      "15973",
      "16039",
      "16056",
      "16075"
    ]
  },
  {
    "id": "146233",
    "title": "Prisoners",
    "posterUrl": "https://image.tmdb.org/t/p/w500/uhviyknTT5cEQXbn6vWIqfM4vGm.jpg",
    "overview": "Keller Dover is facing every parent\u2019s worst nightmare. His six-year-old daughter, Anna, is missing, together with her young friend, Joy, and as minutes turn to hours, panic sets in. The only lead is a dilapidated RV that had earlier been parked on their street.",
    "genres": [
      "Drama",
      "Thriller",
      "Crime"
    ],
    "tags": [
      "georgia",
      "rural area",
      "aggressive",
      "child abduction",
      "kidnapping",
      "vigilante",
      "crime scene",
      "pennsylvania, usa",
      "sex offender",
      "god",
      "beating",
      "candlelight vigil",
      "revenge",
      "detective",
      "maze",
      "animal cruelty",
      "hostage",
      "investigation",
      "neo-noir",
      "Scary",
      "symbolism",
      "brutality"
    ],
    "cast": [
      "Hugh Jackman",
      "Jake Gyllenhaal",
      "Viola Davis",
      "Maria Bello",
      "Terrence Howard",
      "Melissa Leo",
      "Paul Dano",
      "Dylan Minnette"
    ],
    "subGenres": [
      "Scary"
    ],
    "runtime": 153,
    "rating": 8.098,
    "voteCount": 12178,
    "releaseDate": "2013-09-19",
    "originalLanguage": "en",
    "language": "English",
    "directors": [
      "Denis Villeneuve"
    ],
    "writers": [
      "Aaron Guzikowski"
    ],
    "similarIds": [
      "427047",
      "426734",
      "253248",
      "37865",
      "37929"
    ]
  },
  {
    "id": "198663",
    "title": "The Maze Runner",
    "posterUrl": "https://image.tmdb.org/t/p/w500/ode14q7WtDugFDp78fo9lCsmay9.jpg",
    "overview": "Set in a post-apocalyptic world, young Thomas is deposited in a community of boys after his memory is erased, soon learning they're all trapped in a maze that will require him to join forces with fellow \u201crunners\u201d for a shot at escape.",
    "genres": [
      "Action",
      "Mystery",
      "Science Fiction",
      "Thriller"
    ],
    "tags": [
      "based on novel or book",
      "erased memory",
      "runner",
      "maze",
      "escape",
      "post-apocalyptic future",
      "memory loss",
      "dystopia",
      "based on young adult novel",
      "trapped"
    ],
    "cast": [
      "Dylan O'Brien",
      "Kaya Scodelario",
      "Aml Ameen",
      "Thomas Brodie-Sangster",
      "Ki Hong Lee",
      "Will Poulter",
      "Patricia Clarkson",
      "Blake Cooper"
    ],
    "subGenres": [],
    "runtime": 113,
    "rating": 7.19,
    "voteCount": 17344,
    "releaseDate": "2014-09-10",
    "originalLanguage": "en",
    "language": "English",
    "directors": [
      "Wes Ball"
    ],
    "writers": [
      "Noah Oppenheim",
      "Grant Pierce Myers",
      "T.S. Nowlin"
    ],
    "similarIds": [
      "253185",
      "601759",
      "37929",
      "37942",
      "37960"
    ]
  },
  {
    "id": "414906",
    "title": "The Batman",
    "posterUrl": "https://image.tmdb.org/t/p/w500/74xTEgt7R36Fpooo50r9T25onhq.jpg",
    "overview": "In his second year of fighting crime, Batman uncovers corruption in Gotham City that connects to his own family while facing a serial killer known as the Riddler.",
    "genres": [
      "Crime",
      "Mystery",
      "Thriller"
    ],
    "tags": [
      "social injustice",
      "nightclub",
      "murder investigation",
      "mayoral election",
      "superhero",
      "urban gothic",
      "political corruption",
      "police",
      "crime fighter",
      "aftercreditsstinger",
      "secret identity",
      "vigilante",
      "masked superhero",
      "psychopath",
      "somber",
      "based on comic",
      "vengeance",
      "serial killer",
      "Family-Friendly",
      "Action-Packed",
      "politician",
      "neo-noir",
      "Scary",
      "millionaire",
      "organized crime"
    ],
    "cast": [
      "Robert Pattinson",
      "Zo\u00eb Kravitz",
      "Jeffrey Wright",
      "Colin Farrell",
      "Paul Dano",
      "John Turturro",
      "Andy Serkis",
      "Peter Sarsgaard"
    ],
    "subGenres": [
      "Scary",
      "Action-Packed",
      "Family-Friendly"
    ],
    "runtime": 177,
    "rating": 7.655,
    "voteCount": 10910,
    "releaseDate": "2022-03-01",
    "originalLanguage": "en",
    "language": "English",
    "directors": [
      "Matt Reeves"
    ],
    "writers": [
      "Matt Reeves",
      "Peter Craig"
    ],
    "similarIds": [
      "601807",
      "426958",
      "426976",
      "601666",
      "37922"
    ]
  },
  {
    "id": "807",
    "title": "Se7en",
    "posterUrl": "https://image.tmdb.org/t/p/w500/191nKfP0ehp3uIvWqgPbFmI4lv9.jpg",
    "overview": "Two homicide detectives are on a desperate hunt for a serial killer whose crimes are based on the \"seven deadly sins\" in this dark and haunting film that takes viewers from the tortured remains of one victim to the next. The seasoned Det. Somerset researches each sin in an effort to get inside the killer's mind, while his novice partner, Mills, scoffs at his efforts to unravel the case.",
    "genres": [
      "Crime",
      "Mystery",
      "Thriller"
    ],
    "tags": [
      "self-fulfilling prophecy",
      "murder",
      "Scary",
      "police",
      "ominous",
      "ambiguous",
      "seven deadly sins",
      "Sci-Fi/Techy",
      "psychopath",
      "seven: los siete pecados capitales",
      "shootout",
      "serial killer",
      "insomnia",
      "sadism",
      "sinister",
      "detective",
      "macabre",
      "rage and hate",
      "religion",
      "depravity",
      "investigation",
      "corpse",
      "neo-noir",
      "s.w.a.t.",
      "urban gothic"
    ],
    "cast": [
      "Morgan Freeman",
      "Brad Pitt",
      "Gwyneth Paltrow",
      "John Cassini",
      "Peter Crombie",
      "Reg E. Cathey",
      "R. Lee Ermey",
      "Daniel Zacapa"
    ],
    "subGenres": [
      "Scary",
      "Sci-Fi/Techy"
    ],
    "runtime": 127,
    "rating": 8.376,
    "voteCount": 21725,
    "releaseDate": "1995-09-22",
    "originalLanguage": "en",
    "language": "English",
    "directors": [
      "David Fincher"
    ],
    "writers": [
      "Andrew Kevin Walker"
    ],
    "similarIds": [
      "15973",
      "15992",
      "16007",
      "445477",
      "269136"
    ]
  },
  {
    "id": "210577",
    "title": "Gone Girl",
    "posterUrl": "https://image.tmdb.org/t/p/w500/ts996lKsxvjkO2yiYG0ht4qAicO.jpg",
    "overview": "With his wife's disappearance having become the focus of an intense media circus, a man sees the spotlight turned on him when it's suspected that he may not be innocent.",
    "genres": [
      "Mystery",
      "Thriller",
      "Drama"
    ],
    "tags": [
      "psychological thriller",
      "irreverent",
      "playful",
      "psychotic",
      "satirical",
      "blunt",
      "disappearance",
      "infidelity",
      "murder suspect",
      "whodunit",
      "wife",
      "criminal lawyer",
      "detached",
      "missing wife",
      "wry",
      "based on novel or book",
      "antagonistic",
      "search party",
      "audacious",
      "killed during sex",
      "investigation",
      "perspective",
      "marriage crisis",
      "missing person",
      "manipulative woman"
    ],
    "cast": [
      "Ben Affleck",
      "Rosamund Pike",
      "Neil Patrick Harris",
      "Tyler Perry",
      "Carrie Coon",
      "Kim Dickens",
      "Patrick Fugit",
      "David Clennon"
    ],
    "subGenres": [],
    "runtime": 149,
    "rating": 7.89,
    "voteCount": 19023,
    "releaseDate": "2014-10-01",
    "originalLanguage": "en",
    "language": "English",
    "directors": [
      "David Fincher"
    ],
    "writers": [
      "Gillian Flynn"
    ],
    "similarIds": [
      "15961",
      "15973",
      "16039",
      "16056",
      "16075"
    ]
  },
  {
    "id": "680",
    "title": "Pulp Fiction",
    "posterUrl": "https://image.tmdb.org/t/p/w500/vQWk5YBFWF4bZaofAbv0tShwBvQ.jpg",
    "overview": "A burger-loving hit man, his philosophical partner, a drug-addled gangster's moll and a washed-up boxer converge in this sprawling, comedic crime caper. Their adventures unfurl in three stories that ingeniously trip back and forth in time.",
    "genres": [
      "Thriller",
      "Crime"
    ],
    "tags": [
      "heirloom",
      "massage",
      "drug dealer",
      "briefcase",
      "los angeles, california",
      "nonlinear timeline",
      "theft",
      "multiple storylines",
      "boxer",
      "redemption",
      "neo-noir",
      "stolen money",
      "crime boss",
      "dance competition",
      "disgusted",
      "aggressive"
    ],
    "cast": [
      "John Travolta",
      "Samuel L. Jackson",
      "Uma Thurman",
      "Bruce Willis",
      "Ving Rhames",
      "Harvey Keitel",
      "Eric Stoltz",
      "Tim Roth"
    ],
    "subGenres": [],
    "runtime": 154,
    "rating": 8.489,
    "voteCount": 28677,
    "releaseDate": "1994-09-10",
    "originalLanguage": "en",
    "language": "English",
    "directors": [
      "Quentin Tarantino"
    ],
    "writers": [
      "Quentin Tarantino"
    ],
    "similarIds": [
      "15983",
      "16136",
      "1164892",
      "983608",
      "619887"
    ]
  },
  {
    "id": "671",
    "title": "Harry Potter and the Philosopher's Stone",
    "posterUrl": "https://image.tmdb.org/t/p/w500/wuMc08IPKEatf9rnMNXvIDxqP4W.jpg",
    "overview": "Harry Potter has lived under the stairs at his aunt and uncle's house his whole life. But on his 11th birthday, he learns he's a powerful wizard\u2014with a place waiting for him at the Hogwarts School of Witchcraft and Wizardry. As he learns to harness his newfound powers with the help of the school's kindly headmaster, Harry uncovers the truth about his parents' deaths\u2014and about the villain who's to blame.",
    "genres": [
      "Adventure",
      "Fantasy"
    ],
    "tags": [
      "school",
      "magic",
      "friendship",
      "chosen one",
      "london, england",
      "school of witchcraft",
      "enchant",
      "owl",
      "fantasy world",
      "wizard",
      "Sci-Fi/Techy",
      "witch",
      "child hero",
      "ghost",
      "boarding school",
      "based on novel or book",
      "Action-Packed",
      "school friend",
      "joyous",
      "based on young adult novel"
    ],
    "cast": [
      "Daniel Radcliffe",
      "Rupert Grint",
      "Emma Watson",
      "Richard Harris",
      "Tom Felton",
      "Alan Rickman",
      "Robbie Coltrane",
      "Maggie Smith"
    ],
    "subGenres": [
      "Action-Packed",
      "Sci-Fi/Techy"
    ],
    "runtime": 152,
    "rating": 7.902,
    "voteCount": 28224,
    "releaseDate": "2001-11-16",
    "originalLanguage": "en",
    "language": "English",
    "directors": [
      "Chris Columbus"
    ],
    "writers": [
      "Steve Kloves"
    ],
    "similarIds": [
      "779782",
      "37933",
      "37960",
      "37977",
      "1184977"
    ]
  },
  {
    "id": "411",
    "title": "The Chronicles of Narnia: The Lion, the Witch and the Wardrobe",
    "posterUrl": "https://image.tmdb.org/t/p/w500/iREd0rNCjYdf5Ar0vfaW32yrkm.jpg",
    "overview": "Siblings Lucy, Edmund, Susan and Peter step through a magical wardrobe and find the land of Narnia. There, they discover a charming, once peaceful kingdom that has been plunged into eternal winter by the evil White Witch, Jadis. Aided by the wise and magnificent lion, Aslan, the children lead Narnia into a spectacular, climactic battle to be free of the Witch's glacial powers forever.",
    "genres": [
      "Adventure",
      "Family",
      "Fantasy"
    ],
    "tags": [
      "faun",
      "battle",
      "good versus evil",
      "lion",
      "admiring",
      "beaver",
      "winter",
      "fantasy world",
      "cupboard",
      "Sci-Fi/Techy",
      "fairy tale",
      "1940s",
      "sibling relationship",
      "high fantasy",
      "witch",
      "based on children's book",
      "saving the world",
      "epic",
      "based on novel or book",
      "Action-Packed",
      "surrealism",
      "self sacrifice",
      "duringcreditsstinger",
      "isekai",
      "Scary",
      "based on young adult novel"
    ],
    "cast": [
      "William Moseley",
      "Anna Popplewell",
      "Skandar Keynes",
      "Georgie Henley",
      "Liam Neeson",
      "Tilda Swinton",
      "James McAvoy",
      "Jim Broadbent"
    ],
    "subGenres": [
      "Scary",
      "Action-Packed",
      "Sci-Fi/Techy"
    ],
    "runtime": 143,
    "rating": 7.132,
    "voteCount": 10922,
    "releaseDate": "2005-12-07",
    "originalLanguage": "en",
    "language": "English",
    "directors": [
      "Andrew Adamson"
    ],
    "writers": [
      "Ann Peacock",
      "Andrew Adamson",
      "Christopher Markus",
      "Stephen McFeely"
    ],
    "similarIds": [
      "16081",
      "16084",
      "269149",
      "445651",
      "16171"
    ]
  },
  {
    "id": "10191",
    "title": "How to Train Your Dragon",
    "posterUrl": "https://image.tmdb.org/t/p/w500/ygGmAO60t8GyqUo9xYeYxSZAR3b.jpg",
    "overview": "As the son of a Viking leader on the cusp of manhood, shy Hiccup Horrendous Haddock III faces a rite of passage: he must kill a dragon to prove his warrior mettle. But after downing a feared dragon, he realizes that he no longer wants to destroy it, and instead befriends the beast \u2013 which he names Toothless \u2013 much to the chagrin of his warrior father.",
    "genres": [
      "Fantasy",
      "Adventure",
      "Animation",
      "Family"
    ],
    "tags": [
      "blacksmith",
      "ship",
      "island",
      "flying",
      "friendship",
      "flight",
      "battle",
      "dragon",
      "inspirational",
      "vikings (norsemen)",
      "village",
      "combat",
      "nest",
      "Sci-Fi/Techy",
      "ignorance",
      "warrior",
      "well",
      "training",
      "forest",
      "based on novel or book",
      "Action-Packed",
      "villain",
      "arena",
      "pets",
      "exhilarated"
    ],
    "cast": [
      "Jay Baruchel",
      "Gerard Butler",
      "Craig Ferguson",
      "America Ferrera",
      "Jonah Hill",
      "Christopher Mintz-Plasse",
      "T.J. Miller",
      "Kristen Wiig"
    ],
    "subGenres": [
      "Action-Packed",
      "Sci-Fi/Techy"
    ],
    "runtime": 98,
    "rating": 7.84,
    "voteCount": 13406,
    "releaseDate": "2010-03-18",
    "originalLanguage": "en",
    "language": "English",
    "directors": [
      "Chris Sanders",
      "Dean DeBlois"
    ],
    "writers": [
      "Dean DeBlois",
      "Chris Sanders",
      "William Davies"
    ],
    "similarIds": [
      "74",
      "98",
      "105",
      "118",
      "120"
    ]
  },
  {
    "id": "674",
    "title": "Harry Potter and the Goblet of Fire",
    "posterUrl": "https://image.tmdb.org/t/p/w500/fECBtHlr0RB3foNHDiCBXeg9Bv9.jpg",
    "overview": "When Harry Potter's name emerges from the Goblet of Fire, he becomes a competitor in a grueling battle for glory among three wizarding schools\u2014the Triwizard Tournament. But since Harry never submitted his name for the Tournament, who did? Now Harry must confront a deadly dragon, fierce water demons and an enchanted maze only to find himself in the cruel grasp of He Who Must Not Be Named.",
    "genres": [
      "Adventure",
      "Fantasy"
    ],
    "tags": [
      "school",
      "magic",
      "mermaid",
      "chosen one",
      "dragon",
      "dying and death",
      "school of witchcraft",
      "christmas",
      "world cup",
      "vision",
      "wizard",
      "teenage hero",
      "witch",
      "ghost",
      "tournament",
      "boarding school",
      "based on novel or book",
      "sequel",
      "Action-Packed",
      "black magic",
      "maze",
      "mysterious",
      "based on young adult novel"
    ],
    "cast": [
      "Daniel Radcliffe",
      "Rupert Grint",
      "Emma Watson",
      "Brendan Gleeson",
      "Michael Gambon",
      "Robert Pattinson",
      "Ralph Fiennes",
      "Robbie Coltrane"
    ],
    "subGenres": [
      "Action-Packed"
    ],
    "runtime": 157,
    "rating": 7.802,
    "voteCount": 21184,
    "releaseDate": "2005-11-16",
    "originalLanguage": "en",
    "language": "English",
    "directors": [
      "Mike Newell"
    ],
    "writers": [
      "Steve Kloves"
    ],
    "similarIds": [
      "426692",
      "779782",
      "37933",
      "37960",
      "37977"
    ]
  },
  {
    "id": "672",
    "title": "Harry Potter and the Chamber of Secrets",
    "posterUrl": "https://image.tmdb.org/t/p/w500/sdEOH0992YZ0QSxgXNIGLq1ToUi.jpg",
    "overview": "Cars fly, trees fight back, and a mysterious house-elf comes to warn Harry Potter at the start of his second year at Hogwarts. Adventure and danger await when bloody writing on a wall announces: The Chamber Of Secrets Has Been Opened. To save Hogwarts will require all of Harry, Ron and Hermione\u2019s magical abilities and courage.",
    "genres": [
      "Adventure",
      "Fantasy"
    ],
    "tags": [
      "magic",
      "giant spider",
      "school of witchcraft",
      "diary",
      "aftercreditsstinger",
      "christmas",
      "wizard",
      "Sci-Fi/Techy",
      "witch",
      "giant snake",
      "sword",
      "child hero",
      "ghost",
      "Action-Packed",
      "black magic",
      "elves",
      "flying car",
      "based on young adult novel",
      "child driving car"
    ],
    "cast": [
      "Daniel Radcliffe",
      "Rupert Grint",
      "Emma Watson",
      "Kenneth Branagh",
      "Toby Jones",
      "Robbie Coltrane",
      "Richard Harris",
      "Alan Rickman"
    ],
    "subGenres": [
      "Action-Packed",
      "Sci-Fi/Techy"
    ],
    "runtime": 161,
    "rating": 7.708,
    "voteCount": 22535,
    "releaseDate": "2002-11-13",
    "originalLanguage": "en",
    "language": "English",
    "directors": [
      "Chris Columbus"
    ],
    "writers": [
      "Steve Kloves"
    ],
    "similarIds": [
      "15969",
      "445651",
      "16110",
      "16119",
      "9078"
    ]
  },
  {
    "id": "129",
    "title": "Spirited Away",
    "posterUrl": "https://image.tmdb.org/t/p/w500/39wmItIWsg5sZMyRUHLkWBcuVCM.jpg",
    "overview": "A young girl, Chihiro, becomes trapped in a strange new world of spirits. When her parents undergo a mysterious transformation, she must call upon the courage she never knew she had to free her family.",
    "genres": [
      "Animation",
      "Family",
      "Fantasy"
    ],
    "tags": [
      "bath house",
      "spirit",
      "magic",
      "anime",
      "witch",
      "darkness",
      "parent child relationship",
      "youkai",
      "parallel world",
      "japanese mythology",
      "amusement park",
      "Family-Friendly"
    ],
    "cast": [
      "Rumi Hiiragi",
      "Miyu Irino",
      "Mari Natsuki",
      "Takashi Naito",
      "Yasuko Sawaguchi",
      "Tsunehiko Kamij\u00f4",
      "Takehiko Ono",
      "Bunta Sugawara"
    ],
    "subGenres": [
      "Family-Friendly"
    ],
    "runtime": 125,
    "rating": 8.536,
    "voteCount": 17146,
    "releaseDate": "2001-07-20",
    "originalLanguage": "ja",
    "language": "Japanese",
    "directors": [
      "Hayao Miyazaki"
    ],
    "writers": [
      "Hayao Miyazaki"
    ],
    "similarIds": [
      "118",
      "120",
      "121",
      "122",
      "966709"
    ]
  },
  {
    "id": "122",
    "title": "The Lord of the Rings: The Return of the King",
    "posterUrl": "https://image.tmdb.org/t/p/w500/rCzpDGLbOoPwLjy3OAm5NUPOTrC.jpg",
    "overview": "As armies mass for a final battle that will decide the fate of the world--and powerful, ancient forces of Light and Dark compete to determine the outcome--one member of the Fellowship of the Ring is revealed as the noble heir to the throne of the Kings of Men. Yet, the sole hope for triumph over evil lies with a brave hobbit, Frodo, who, accompanied by his loyal friend Sam and the hideous, wretched Gollum, ventures deep into the very dark heart of Mordor on his seemingly impossible quest to destroy the Ring of Power.\u200b",
    "genres": [
      "Adventure",
      "Fantasy",
      "Action"
    ],
    "tags": [
      "obsession",
      "magic",
      "trekking",
      "giant spider",
      "king",
      "war",
      "orcs",
      "kingdom",
      "wraith",
      "winged creatures",
      "sword and sorcery",
      "good versus evil",
      "spirits",
      "sword making",
      "journey",
      "army",
      "Twisty",
      "dwarf",
      "armies",
      "fantasy world",
      "wizard",
      "madness",
      "high fantasy",
      "creatures",
      "honor",
      "quest",
      "hobbits",
      "epic quest",
      "live action and animation",
      "castle",
      "great war",
      "bold",
      "based on novel or book",
      "split personality",
      "sequel",
      "Action-Packed",
      "ring",
      "army of the dead",
      "bravery",
      "elves",
      "epic battle",
      "volcano",
      "hero's journey",
      "power madness",
      "Scary",
      "brutality"
    ],
    "cast": [
      "Elijah Wood",
      "Ian McKellen",
      "Viggo Mortensen",
      "Sean Astin",
      "Andy Serkis",
      "Dominic Monaghan",
      "Billy Boyd",
      "John Noble"
    ],
    "subGenres": [
      "Scary",
      "Action-Packed",
      "Twisty"
    ],
    "runtime": 201,
    "rating": 8.484,
    "voteCount": 25088,
    "releaseDate": "2003-12-17",
    "originalLanguage": "en",
    "language": "English",
    "directors": [
      "Peter Jackson"
    ],
    "writers": [
      "Peter Jackson",
      "Fran Walsh",
      "Philippa Boyens"
    ],
    "similarIds": [
      "426646",
      "779782",
      "426959",
      "37866",
      "37933"
    ]
  },
  {
    "id": "354912",
    "title": "Coco",
    "posterUrl": "https://image.tmdb.org/t/p/w500/6Ryitt95xrO8KXuqRGm1fUuNwqF.jpg",
    "overview": "Despite his family\u2019s baffling generations-old ban on music, Miguel dreams of becoming an accomplished musician like his idol, Ernesto de la Cruz. Desperate to prove his talent, Miguel finds himself in the stunning and colorful Land of the Dead following a mysterious chain of events. Along the way, he meets charming trickster Hector, and together, they set off on an extraordinary journey to unlock the real story behind Miguel's family history.",
    "genres": [
      "Family",
      "Animation",
      "Music",
      "Adventure"
    ],
    "tags": [
      "skeleton",
      "guitar",
      "afterlife",
      "villain",
      "murderer",
      "Family-Friendly",
      "musician",
      "singer",
      "music",
      "boy",
      "kids",
      "holiday",
      "Epic",
      "Sci-Fi/Techy",
      "mexico",
      "life after death",
      "day of the dead",
      "Coming-of-Age"
    ],
    "cast": [
      "Anthony Gonzalez",
      "Gael Garc\u00eda Bernal",
      "Benjamin Bratt",
      "Alanna Ubach",
      "Renee Victor",
      "Jaime Camil",
      "Alfonso Arau",
      "Herbert Siguenza"
    ],
    "subGenres": [
      "Epic",
      "Sci-Fi/Techy",
      "Family-Friendly",
      "Coming-of-Age"
    ],
    "runtime": 105,
    "rating": 8.205,
    "voteCount": 19972,
    "releaseDate": "2017-10-27",
    "originalLanguage": "en",
    "similarIds": [
      "105",
      "106",
      "12",
      "601667",
      "22"
    ]
  },
  {
    "id": "8587",
    "title": "The Lion King",
    "posterUrl": "https://image.tmdb.org/t/p/w500/sKCr78MXSLixwmZ8DyJLrpMsd15.jpg",
    "overview": "Young lion prince Simba, eager to one day become king of the Pride Lands, grows up under the watchful eye of his father Mufasa; all the while his villainous uncle Scar conspires to take the throne for himself. Amid betrayal and tragedy, Simba must confront his past and find his rightful place in the Circle of Life.",
    "genres": [
      "Family",
      "Animation",
      "Drama"
    ],
    "tags": [
      "comforting",
      "king",
      "redemption",
      "father murder",
      "murder",
      "scar",
      "hyena",
      "lion",
      "nature",
      "mandrill",
      "inspirational",
      "loss of loved one",
      "meerkat",
      "manipulation",
      "Sci-Fi/Techy",
      "africa",
      "cartoon",
      "powerful",
      "musical",
      "shaman",
      "uncle",
      "villain",
      "warthog",
      "family"
    ],
    "cast": [
      "Matthew Broderick",
      "Moira Kelly",
      "Nathan Lane",
      "Ernie Sabella",
      "James Earl Jones",
      "Jeremy Irons",
      "Robert Guillaume",
      "Rowan Atkinson"
    ],
    "subGenres": [
      "Sci-Fi/Techy"
    ],
    "runtime": 89,
    "rating": 8.258,
    "voteCount": 18755,
    "releaseDate": "1994-06-15",
    "originalLanguage": "en",
    "language": "English",
    "directors": [
      "Roger Allers",
      "Rob Minkoff"
    ],
    "writers": [
      "Linda Woolverton",
      "Jonathan Roberts",
      "Irene Mecchi"
    ],
    "similarIds": [
      "269057",
      "443474",
      "443484",
      "444213",
      "14919"
    ]
  },
  {
    "id": "109445",
    "title": "Frozen",
    "posterUrl": "https://image.tmdb.org/t/p/w500/m4uhSpErBKprhsclr0zynTYdupb.jpg",
    "overview": "Young princess Anna of Arendelle dreams about finding true love at her sister Elsa\u2019s coronation. Fate takes her on a dangerous journey in an attempt to end the eternal winter that has fallen over the kingdom. She's accompanied by ice delivery man Kristoff, his reindeer Sven, and snowman Olaf. On an adventure where she will find out what friendship, courage, family, and true love really means.",
    "genres": [
      "Animation",
      "Family",
      "Adventure",
      "Fantasy"
    ],
    "tags": [
      "curse",
      "magic",
      "snowman",
      "based on fairy tale",
      "princess",
      "magic land",
      "mistake in person",
      "troll",
      "Coming-of-Age",
      "sister sister relationship",
      "aftercreditsstinger",
      "snow",
      "Epic",
      "reindeer",
      "cartoon",
      "based on children's book",
      "woman director",
      "frozen",
      "musical",
      "Family-Friendly",
      "Romantic",
      "villain",
      "queen",
      "betrayal",
      "evil prince",
      "mountain climbing"
    ],
    "cast": [
      "Idina Menzel",
      "Kristen Bell",
      "Jonathan Groff",
      "Josh Gad",
      "Livvy Stubenrauch",
      "Santino Fontana",
      "Eva Bella",
      "Alan Tudyk"
    ],
    "subGenres": [
      "Coming-of-Age",
      "Romantic",
      "Epic",
      "Family-Friendly"
    ],
    "runtime": 102,
    "rating": 7.248,
    "voteCount": 16864,
    "releaseDate": "2013-11-20",
    "originalLanguage": "en",
    "language": "English",
    "directors": [
      "Jennifer Lee",
      "Chris Buck"
    ],
    "writers": [
      "Jennifer Lee",
      "Hans Christian Andersen"
    ],
    "similarIds": [
      "427248",
      "426959",
      "426960",
      "37866",
      "37920"
    ]
  }
]